{
    "system": {
        "processor": {
            "description": "Intel(R) Xeon(R) Platinum 8559C",
            "architecture": "x86_64 - X86_64 - 64-bits",
            "n_logical_core_count": 4,
            "n_physical_core_count": 2,
            "min_freq_mhz": null,
            "max_freq_mhz": null
        },
        "os": {
            "platform": "Linux-6.1.153-175.280.amzn2023.x86_64-x86_64-with-glibc2.34",
            "system": "Linux",
            "release": "6.1.153-175.280.amzn2023.x86_64",
            "version": "#1 SMP PREEMPT_DYNAMIC Tue Sep 23 21:29:22 UTC 2025"
        },
        "python": {
            "version": "3.13.8",
            "implementation": "CPython",
            "compiler": "Clang 20.1.4 "
        },
        "packages": {
            "counted_float": "0.9.6",
            "llvmlite": "0.45.1",
            "numba": "0.62.1",
            "numpy": "2.3.3",
            "psutil": "7.1.0",
            "py_cpuinfo": "9.0.0"
        }
    },
    "benchmark_settings": {
        "array_size": 1000,
        "n_runs_total": 40,
        "n_runs_warmup": 15,
        "n_seconds_per_run_target": 0.1
    },
    "n_cycles_per_op": {
        "baseline": {
            "q25": 0.12949105491714552,
            "q50": 0.397545803403191,
            "q75": 0.41815646958171204
        },
        "add": {
            "q25": 1.922557727575335,
            "q50": 1.9285278429847865,
            "q75": 1.9292174125675128
        },
        "add_minus": {
            "q25": 2.1760906897175487,
            "q50": 2.1806215752100466,
            "q75": 2.1822597047111345
        },
        "add_abs": {
            "q25": 3.834002868451909,
            "q50": 3.8365580288622043,
            "q75": 3.8394212560142043
        },
        "add_add": {
            "q25": 3.826133763128145,
            "q50": 3.834095883557652,
            "q75": 3.83626340415208
        },
        "add_sub": {
            "q25": 3.82843801618852,
            "q50": 3.8351138495149772,
            "q75": 3.8403441407851653
        },
        "add_round": {
            "q25": 11.611243234732981,
            "q50": 11.617218384588762,
            "q75": 11.623889406775673
        },
        "add_sqrt": {
            "q25": 20.928414675701266,
            "q50": 20.991333136488848,
            "q75": 21.002580010308563
        },
        "add_cbrt": {
            "q25": 100.49424680272958,
            "q50": 100.74491662087351,
            "q75": 100.90815695535521
        },
        "add_log": {
            "q25": 48.19894142091967,
            "q50": 48.28512361806241,
            "q75": 48.416200822126115
        },
        "add_log_exp": {
            "q25": 86.73876068101453,
            "q50": 86.77888650488865,
            "q75": 86.87464851837493
        },
        "add_log2": {
            "q25": 57.03691731314314,
            "q50": 57.238604106610715,
            "q75": 57.28421950485196
        },
        "add_log2_exp2": {
            "q25": 87.43939732915055,
            "q50": 87.62726488243256,
            "q75": 87.67116969754797
        },
        "add_log10": {
            "q25": 70.83415347761655,
            "q50": 70.93661741002036,
            "q75": 70.9694739661061
        },
        "add_log10_exp10": {
            "q25": 120.90251753143913,
            "q50": 121.18369729875863,
            "q75": 121.2912063191518
        },
        "add_sin": {
            "q25": 74.91839119949759,
            "q50": 75.05399445225456,
            "q75": 75.14855148747714
        },
        "add_cos": {
            "q25": 75.81815102833932,
            "q50": 75.96082022646704,
            "q75": 76.11816272162129
        },
        "add_tan": {
            "q25": 109.21002886383539,
            "q50": 109.69138425653534,
            "q75": 109.92071085065592
        },
        "pow": {
            "q25": 96.28997629583908,
            "q50": 96.47608166552412,
            "q75": 96.51714030881219
        },
        "pow_pow": {
            "q25": 190.8520420669711,
            "q50": 191.1613466658585,
            "q75": 191.25568152341197
        },
        "sub": {
            "q25": 1.9267364751834495,
            "q50": 1.9288041579818396,
            "q75": 1.9294255283454331
        },
        "sub_sub": {
            "q25": 3.8285557911839914,
            "q50": 3.832157551379269,
            "q75": 3.8360556408411353
        },
        "mul": {
            "q25": 3.828274357746282,
            "q50": 3.8366256812673725,
            "q75": 3.840776864020748
        },
        "mul_mul": {
            "q25": 7.610450417937135,
            "q50": 7.648482663978365,
            "q75": 7.655551769528126
        },
        "div": {
            "q25": 13.377203098336153,
            "q50": 13.403203667746697,
            "q75": 13.409954965721193
        },
        "div_div": {
            "q25": 26.653035314437325,
            "q50": 26.732892818330843,
            "q75": 26.76365401726488
        },
        "lte_addsub": {
            "q25": 6.780751306894141,
            "q50": 6.79463364198129,
            "q75": 6.799452895090076
        }
    },
    "estimated_flop_latencies": {
        "abs(x)": 1.9080301858774178,
        "-x": 0.2520937322252601,
        "x<=y": 4.865967641497976,
        "round": 9.688690541603975,
        "x+y": 1.9055680405728654,
        "x-y": 1.9065860065301907,
        "x*y": 3.8118569827109927,
        "x/y": 13.329689150584146,
        "sqrt(x)": 19.062805293504063,
        "cbrt(x)": 98.81638877788872,
        "e^x": 38.49376288682624,
        "2^x": 30.38866077582184,
        "10^x": 50.24707988873827,
        "log(x)": 46.35659577507762,
        "log2(x)": 55.31007626362593,
        "log10(x)": 69.00808956703557,
        "x^y": 94.68526500033438,
        "sin(x)": 73.12546660926976,
        "cos(x)": 74.03229238348224,
        "tan(x)": 107.76285641355055
    }
}