{
    "system": {
        "processor": {
            "description": "AMD EPYC 7763 64-Core Processor",
            "architecture": "AMD64 - X86_64 - 64-bits",
            "n_logical_core_count": 4,
            "n_physical_core_count": 2,
            "min_freq_mhz": null,
            "max_freq_mhz": 2445
        },
        "os": {
            "platform": "Windows-2025Server-10.0.26100-SP0",
            "system": "Windows",
            "release": "2025Server",
            "version": "10.0.26100"
        },
        "python": {
            "version": "3.13.7",
            "implementation": "CPython",
            "compiler": "MSC v.1944 64 bit (AMD64)"
        },
        "packages": {
            "counted_float": "0.9.6",
            "llvmlite": "0.45.1",
            "numba": "0.62.1",
            "numpy": "2.3.3",
            "psutil": "7.1.0",
            "py_cpuinfo": "9.0.0"
        }
    },
    "benchmark_settings": {
        "array_size": 1000,
        "n_runs_total": 40,
        "n_runs_warmup": 15,
        "n_seconds_per_run_target": 0.1
    },
    "n_cycles_per_op": {
        "baseline": {
            "q25": 0.1914019457960744,
            "q50": 0.1921438081483318,
            "q75": 0.22887290142438058
        },
        "add": {
            "q25": 2.219318137125481,
            "q50": 2.2217842852591816,
            "q75": 2.2258784413945705
        },
        "add_minus": {
            "q25": 2.438583127147422,
            "q50": 2.44126771807439,
            "q75": 2.4433028157005143
        },
        "add_abs": {
            "q25": 2.9883890266507898,
            "q50": 2.99178860130525,
            "q75": 2.9957404228672457
        },
        "add_add": {
            "q25": 4.485090740433073,
            "q50": 4.491236489850102,
            "q75": 4.4967399053162875
        },
        "add_sub": {
            "q25": 4.487600803101634,
            "q50": 4.49054528972169,
            "q75": 4.495563000997376
        },
        "add_round": {
            "q25": 4.482214956281638,
            "q50": 4.492797621907278,
            "q75": 4.495440664819943
        },
        "add_sqrt": {
            "q25": 17.762196440294694,
            "q50": 17.788584909794753,
            "q75": 17.808392575558475
        },
        "add_cbrt": {
            "q25": 88.74949180327869,
            "q50": 88.8433017524644,
            "q75": 89.02866277798032
        },
        "add_log": {
            "q25": 35.565183233005435,
            "q50": 35.586026092676505,
            "q75": 35.63557953713197
        },
        "add_log_exp": {
            "q25": 73.33506814079422,
            "q50": 73.36867144581949,
            "q75": 73.42135242689176
        },
        "add_log2": {
            "q25": 64.54475039872408,
            "q50": 64.57597438279798,
            "q75": 64.6749506762132
        },
        "add_log2_exp2": {
            "q25": 87.847656238698,
            "q50": 87.99699239956567,
            "q75": 88.07264523121385
        },
        "add_log10": {
            "q25": 37.81617775354416,
            "q50": 37.89704163411966,
            "q75": 37.94870717844908
        },
        "add_log10_exp10": {
            "q25": 83.34314312585498,
            "q50": 83.47263493150683,
            "q75": 83.58141043239532
        },
        "add_sin": {
            "q25": 47.887771922925666,
            "q50": 47.92773762571484,
            "q75": 48.05101624975378
        },
        "add_cos": {
            "q25": 47.06727251507488,
            "q50": 47.194758289703316,
            "q75": 47.262532061216575
        },
        "add_tan": {
            "q25": 78.79030367002272,
            "q50": 79.205600130039,
            "q75": 79.54312961165049
        },
        "pow": {
            "q25": 85.67283438818563,
            "q50": 85.73426936619717,
            "q75": 85.78833315677966
        },
        "pow_pow": {
            "q25": 170.04059622113363,
            "q50": 170.13202536997883,
            "q75": 170.2664193435754
        },
        "sub": {
            "q25": 2.2193704612186087,
            "q50": 2.219647751762428,
            "q75": 2.2213162391993873
        },
        "sub_sub": {
            "q25": 4.47774833394698,
            "q50": 4.480910984604631,
            "q75": 4.485665092254999
        },
        "mul": {
            "q25": 2.2197418231887505,
            "q50": 2.2214856826176166,
            "q75": 2.2242310265619016
        },
        "mul_mul": {
            "q25": 4.477767402141802,
            "q50": 4.481509896054502,
            "q75": 4.4844642522549
        },
        "div": {
            "q25": 10.174647381420854,
            "q50": 10.187120548634704,
            "q75": 10.213664496273342
        },
        "div_div": {
            "q25": 19.88738033873343,
            "q50": 19.90676144538914,
            "q75": 19.928241464013755
        },
        "lte_addsub": {
            "q25": 3.7618379860573197,
            "q50": 3.765365066839955,
            "q75": 3.7681375753361146
        }
    },
    "estimated_flop_latencies": {
        "abs(x)": 0.7700043160460686,
        "-x": 0.21948343281520843,
        "x<=y": 1.5446490483291502,
        "round": 2.2710133366480965,
        "x+y": 2.26945220459092,
        "x-y": 2.2687610044625086,
        "x*y": 2.260024213436885,
        "x/y": 9.719640896754436,
        "sqrt(x)": 15.566800624535572,
        "cbrt(x)": 86.62151746720522,
        "e^x": 37.78264535314298,
        "2^x": 23.42101801676769,
        "10^x": 45.57559329738717,
        "log(x)": 33.36424180741732,
        "log2(x)": 62.3541900975388,
        "log10(x)": 35.67525734886048,
        "x^y": 84.39775600378167,
        "sin(x)": 45.70595334045566,
        "cos(x)": 44.97297400444413,
        "tan(x)": 76.98381584477983
    }
}