{
  "pso": {
    "best_fitness": 0.06693492991738612,
    "execution_time": 132.34957838058472,
    "convergence_curve": [
      0.0767037965283579,
      0.0767037965283579,
      0.0767037965283579,
      0.0767037965283579,
      0.07356446672236143,
      0.06693492991738612,
      0.06693492991738612,
      0.06693492991738612,
      0.06693492991738612,
      0.06693492991738612,
      0.06693492991738612,
      0.06693492991738612,
      0.06693492991738612,
      0.06693492991738612,
      0.06693492991738612,
      0.06693492991738612,
      0.06693492991738612,
      0.06693492991738612,
      0.06693492991738612,
      0.06693492991738612,
      0.06693492991738612,
      0.06693492991738612,
      0.06693492991738612,
      0.06693492991738612,
      0.06693492991738612,
      0.06693492991738612,
      0.06693492991738612,
      0.06693492991738612,
      0.06693492991738612,
      0.06693492991738612,
      0.06693492991738612,
      0.06693492991738612,
      0.06693492991738612,
      0.06693492991738612,
      0.06693492991738612,
      0.06693492991738612,
      0.06693492991738612,
      0.06693492991738612,
      0.06693492991738612,
      0.06693492991738612,
      0.06693492991738612,
      0.06693492991738612,
      0.06693492991738612,
      0.06693492991738612,
      0.06693492991738612,
      0.06693492991738612,
      0.06693492991738612,
      0.06693492991738612,
      0.06693492991738612,
      0.06693492991738612
    ],
    "model_parameters": {
      "algorithm": "pso",
      "task_type": "feature_selection",
      "optimized_value": 0.06693492991738612,
      "ready_for_production": true
    },
    "feature_selection": {
      "selected_features": 9,
      "accuracy": 0.9330650700826139
    }
  },
  "wdo": {
    "best_fitness": 0.06904947554070363,
    "execution_time": 99.52594065666199,
    "convergence_curve": [
      0.07257681240137383,
      0.06904947554070363,
      0.06904947554070363,
      0.06904947554070363,
      0.06904947554070363,
      0.06904947554070363,
      0.06904947554070363,
      0.06904947554070363,
      0.06904947554070363,
      0.06904947554070363,
      0.06904947554070363,
      0.06904947554070363,
      0.06904947554070363,
      0.06904947554070363,
      0.06904947554070363,
      0.06904947554070363,
      0.06904947554070363,
      0.06904947554070363,
      0.06904947554070363,
      0.06904947554070363,
      0.06904947554070363,
      0.06904947554070363,
      0.06904947554070363,
      0.06904947554070363,
      0.06904947554070363,
      0.06904947554070363,
      0.06904947554070363,
      0.06904947554070363,
      0.06904947554070363,
      0.06904947554070363,
      0.06904947554070363,
      0.06904947554070363,
      0.06904947554070363,
      0.06904947554070363,
      0.06904947554070363,
      0.06904947554070363,
      0.06904947554070363,
      0.06904947554070363,
      0.06904947554070363,
      0.06904947554070363,
      0.06904947554070363,
      0.06904947554070363,
      0.06904947554070363,
      0.06904947554070363,
      0.06904947554070363,
      0.06904947554070363,
      0.06904947554070363,
      0.06904947554070363,
      0.06904947554070363,
      0.06904947554070363,
      0.06904947554070363
    ],
    "model_parameters": {
      "algorithm": "wdo",
      "task_type": "feature_selection",
      "optimized_value": 0.06904947554070363,
      "ready_for_production": true
    },
    "feature_selection": {
      "selected_features": 7,
      "accuracy": 0.9309505244592964
    }
  }
}