Method,Num Communities,Max Size,Avg Size,Modularity,Avg. density:,Avg. degree:,Avg. clustering:,Execution Time (s),partition_index
Louvain,59,294,169.4915254237288,0.6758641128056138,0.19818092231045056,29.622057030744223,0.25233023122918163,1.1159160137176514,0
Leiden,59,294,169.4915254237288,0.6758641128056135,0.1981809223104506,29.622057030744227,0.25233023122918163,0.91825270652771,1
Infomap,59,294,169.4915254237288,0.6758641128056134,0.1981809223104506,29.622057030744227,0.25233023122918163,1.5752971172332764,2
Label Propagation,56,501,178.57142857142858,0.6745556269840401,0.19269096037696246,29.615056437152646,0.2517952635706691,0.23020505905151367,3
Fast Label Propagation,59,294,169.4915254237288,0.6758641128056133,0.1981809223104505,29.622057030744223,0.25233023122918163,6.198883056640625e-06,4
Walktrap,59,294,169.4915254237288,0.6758641128056134,0.1981809223104506,29.622057030744227,0.25233023122918163,8.964908123016357,5
