{
    "system": {
        "processor": {
            "description": "Intel(R) Xeon(R) Platinum 8488C",
            "architecture": "x86_64 - X86_64 - 64-bits",
            "n_logical_core_count": 4,
            "n_physical_core_count": 2,
            "min_freq_mhz": null,
            "max_freq_mhz": null
        },
        "os": {
            "platform": "Linux-6.1.153-175.280.amzn2023.x86_64-x86_64-with-glibc2.34",
            "system": "Linux",
            "release": "6.1.153-175.280.amzn2023.x86_64",
            "version": "#1 SMP PREEMPT_DYNAMIC Tue Sep 23 21:29:22 UTC 2025"
        },
        "python": {
            "version": "3.13.8",
            "implementation": "CPython",
            "compiler": "Clang 20.1.4 "
        },
        "packages": {
            "counted_float": "0.9.6",
            "llvmlite": "0.45.1",
            "numba": "0.62.1",
            "numpy": "2.3.3",
            "psutil": "7.1.0",
            "py_cpuinfo": "9.0.0"
        }
    },
    "benchmark_settings": {
        "array_size": 1000,
        "n_runs_total": 40,
        "n_runs_warmup": 15,
        "n_seconds_per_run_target": 0.1
    },
    "n_cycles_per_op": {
        "baseline": {
            "q25": 0.1258643261884188,
            "q50": 0.3949381375763105,
            "q75": 0.4003203167604233
        },
        "add": {
            "q25": 1.8004397080441794,
            "q50": 1.835177525320004,
            "q75": 1.8454004019671941
        },
        "add_minus": {
            "q25": 2.0704612871930337,
            "q50": 2.08613058861317,
            "q75": 2.105126649751263
        },
        "add_abs": {
            "q25": 3.67381195450294,
            "q50": 3.6872527297700994,
            "q75": 3.706332045344542
        },
        "add_add": {
            "q25": 3.4282765471918615,
            "q50": 3.699517066931464,
            "q75": 3.7322884068787796
        },
        "add_sub": {
            "q25": 3.6262115356236997,
            "q50": 3.6626075237284574,
            "q75": 3.6899890113555025
        },
        "add_round": {
            "q25": 10.934326665962555,
            "q50": 11.219054709111754,
            "q75": 11.352988439136068
        },
        "add_sqrt": {
            "q25": 19.82832561935626,
            "q50": 19.999249026399646,
            "q75": 20.23403730747671
        },
        "add_cbrt": {
            "q25": 95.32602091577989,
            "q50": 96.26887079584083,
            "q75": 97.66607682529093
        },
        "add_log": {
            "q25": 45.5143830625247,
            "q50": 46.28749871542621,
            "q75": 46.72923679860189
        },
        "add_log_exp": {
            "q25": 82.57685768558161,
            "q50": 83.5146374361404,
            "q75": 83.9877768411717
        },
        "add_log2": {
            "q25": 50.845668356492205,
            "q50": 53.77904981833927,
            "q75": 54.70419707291063
        },
        "add_log2_exp2": {
            "q25": 82.58304317896098,
            "q50": 84.13422297463804,
            "q75": 84.783859722735
        },
        "add_log10": {
            "q25": 67.29133700165897,
            "q50": 68.25675973922823,
            "q75": 68.77981325498334
        },
        "add_log10_exp10": {
            "q25": 115.40050630128407,
            "q50": 116.93577283801692,
            "q75": 117.79028581913265
        },
        "add_sin": {
            "q25": 71.56114479056262,
            "q50": 72.24080451319126,
            "q75": 72.9724586502044
        },
        "add_cos": {
            "q25": 71.59498099984978,
            "q50": 72.9067188215091,
            "q75": 73.28185463623232
        },
        "add_tan": {
            "q25": 103.62005549720563,
            "q50": 104.63728215004352,
            "q75": 105.72189552748986
        },
        "pow": {
            "q25": 91.4185581849919,
            "q50": 91.84759598089272,
            "q75": 92.66382581351411
        },
        "pow_pow": {
            "q25": 180.29879312090554,
            "q50": 181.10813907168588,
            "q75": 182.87573696800243
        },
        "sub": {
            "q25": 1.829495184008333,
            "q50": 1.84374812150576,
            "q75": 1.8531574899826433
        },
        "sub_sub": {
            "q25": 3.6476456268639987,
            "q50": 3.6624571424559207,
            "q75": 3.684559205154846
        },
        "mul": {
            "q25": 3.628313286546253,
            "q50": 3.6651039385277815,
            "q75": 3.690384320493482
        },
        "mul_mul": {
            "q25": 7.274127050227132,
            "q50": 7.377931684899375,
            "q75": 7.443803110042757
        },
        "div": {
            "q25": 12.819425025018239,
            "q50": 12.93150904162157,
            "q75": 13.000760861358222
        },
        "div_div": {
            "q25": 25.410804045383692,
            "q50": 25.614708342700233,
            "q75": 25.69565348909323
        },
        "lte_addsub": {
            "q25": 6.515031143153466,
            "q50": 6.530446363428673,
            "q75": 6.603802334917004
        }
    },
    "estimated_flop_latencies": {
        "abs(x)": 1.8520752044500954,
        "-x": 0.250953063293166,
        "x<=y": 4.690983540015791,
        "round": 9.38387718379175,
        "x+y": 1.86433954161146,
        "x-y": 1.8274299984084534,
        "x*y": 3.7128277463715933,
        "x/y": 12.683199301078663,
        "sqrt(x)": 18.164071501079643,
        "cbrt(x)": 94.43369327052082,
        "e^x": 37.227138720714194,
        "2^x": 30.35517315629877,
        "10^x": 48.67901309878869,
        "log(x)": 44.452321190106204,
        "log2(x)": 51.94387229301926,
        "log10(x)": 66.42158221390822,
        "x^y": 89.26054309079316,
        "sin(x)": 70.40562698787126,
        "cos(x)": 71.0715412961891,
        "tan(x)": 102.80210462472351
    }
}