chromosome	base_pair_location	variant_id	effect_allele	other_allele	effect_allele_frequency	beta	standard_error	p_value	odds_ratio	ci_lower	ci_upper
1	10177	rs367896724	A	AC	0.425	0.0123	0.0089	0.167	NA	NA	NA
1	10352	rs145072688	T	TA	0.358	-0.0234	0.0098	0.0168	NA	NA	NA
1	10616	rs376342519	CCGCCGTTGCAAAGGCGCGCCG	C	0.002	0.1234	0.0456	0.00678	NA	NA	NA
1	11008	rs575272151	C	G	0.092	-0.0089	0.0145	0.538	NA	NA	NA
1	11012	rs544419019	C	G	0.092	-0.0089	0.0145	0.538	NA	NA	NA
1	13110	rs540538026	G	A	0.001	0.2345	0.0789	0.00298	NA	NA	NA
1	13116	rs62635286	T	G	0.001	0.2345	0.0789	0.00298	NA	NA	NA
1	13118	rs62028691	A	G	0.001	0.2345	0.0789	0.00298	NA	NA	NA
1	13273	rs531730856	G	C	0.001	0.2123	0.0745	0.00435	NA	NA	NA
1	14464	rs546169444	A	T	0.001	-0.1567	0.0678	0.0208	NA	NA	NA
