{
    "system": {
        "processor": {
            "description": "AMD EPYC 9R14",
            "architecture": "x86_64 - X86_64 - 64-bits",
            "n_logical_core_count": 4,
            "n_physical_core_count": 4,
            "min_freq_mhz": null,
            "max_freq_mhz": null
        },
        "os": {
            "platform": "Linux-6.1.153-175.280.amzn2023.x86_64-x86_64-with-glibc2.34",
            "system": "Linux",
            "release": "6.1.153-175.280.amzn2023.x86_64",
            "version": "#1 SMP PREEMPT_DYNAMIC Tue Sep 23 21:29:22 UTC 2025"
        },
        "python": {
            "version": "3.13.8",
            "implementation": "CPython",
            "compiler": "Clang 20.1.4 "
        },
        "packages": {
            "counted_float": "0.9.6",
            "llvmlite": "0.45.1",
            "numba": "0.62.1",
            "numpy": "2.3.3",
            "psutil": "7.1.0",
            "py_cpuinfo": "9.0.0"
        }
    },
    "benchmark_settings": {
        "array_size": 1000,
        "n_runs_total": 40,
        "n_runs_warmup": 15,
        "n_seconds_per_run_target": 0.1
    },
    "n_cycles_per_op": {
        "baseline": {
            "q25": 0.24456590766157882,
            "q50": 0.24851997237966336,
            "q75": 0.2827562401497475
        },
        "add": {
            "q25": 2.8279110602907522,
            "q50": 2.9145219161498255,
            "q75": 2.9196666782848455
        },
        "add_minus": {
            "q25": 3.0984023500073863,
            "q50": 3.1238004510950668,
            "q75": 3.1371625369736234
        },
        "add_abs": {
            "q25": 3.853008979784549,
            "q50": 3.891785997896269,
            "q75": 3.9323491342916004
        },
        "add_add": {
            "q25": 5.840842914659854,
            "q50": 5.88561729481594,
            "q75": 5.896306023003104
        },
        "add_sub": {
            "q25": 5.728984412946235,
            "q50": 5.797452827112097,
            "q75": 5.8733212052468735
        },
        "add_round": {
            "q25": 5.744208112699755,
            "q50": 5.859132777369326,
            "q75": 5.89385169299674
        },
        "add_sqrt": {
            "q25": 23.549239460096533,
            "q50": 23.566288474011394,
            "q75": 23.586347739186063
        },
        "add_cbrt": {
            "q25": 93.62149896311988,
            "q50": 94.63613808603245,
            "q75": 94.84328123782767
        },
        "add_log": {
            "q25": 49.926796150267464,
            "q50": 50.03368099199033,
            "q75": 50.09328423343135
        },
        "add_log_exp": {
            "q25": 83.77321145686868,
            "q50": 84.3526972987697,
            "q75": 84.54814473388106
        },
        "add_log2": {
            "q25": 59.01784991248042,
            "q50": 59.30609440070029,
            "q75": 59.40241683212708
        },
        "add_log2_exp2": {
            "q25": 88.89881932058557,
            "q50": 88.93967140792553,
            "q75": 89.0240802096383
        },
        "add_log10": {
            "q25": 71.35006169754622,
            "q50": 71.80441681689074,
            "q75": 71.8555607279723
        },
        "add_log10_exp10": {
            "q25": 115.23220820903514,
            "q50": 115.37094094412402,
            "q75": 115.44008436781411
        },
        "add_sin": {
            "q25": 69.15724643580441,
            "q50": 69.28422345195045,
            "q75": 69.3894492243095
        },
        "add_cos": {
            "q25": 70.26746998690295,
            "q50": 70.51753332483966,
            "q75": 70.63938897866957
        },
        "add_tan": {
            "q25": 101.77291049618415,
            "q50": 101.97311774858449,
            "q75": 102.20696651952346
        },
        "pow": {
            "q25": 93.30992091413225,
            "q50": 93.83987946731158,
            "q75": 93.93262703512552
        },
        "pow_pow": {
            "q25": 182.28304366005804,
            "q50": 182.5087702178704,
            "q75": 182.7606623945947
        },
        "sub": {
            "q25": 2.9081411521300167,
            "q50": 2.918896867567373,
            "q75": 2.9198711653644
        },
        "sub_sub": {
            "q25": 5.837685840463295,
            "q50": 5.877151308219059,
            "q75": 5.889135324846661
        },
        "mul": {
            "q25": 2.8882741138224683,
            "q50": 2.9148779125422397,
            "q75": 2.9175902337681947
        },
        "mul_mul": {
            "q25": 5.796975888805056,
            "q50": 5.839580333116859,
            "q75": 5.887468901217778
        },
        "div": {
            "q25": 12.8053488924764,
            "q50": 12.928443103751654,
            "q75": 12.984870631351173
        },
        "div_div": {
            "q25": 25.898300927329732,
            "q50": 26.266240399561617,
            "q75": 26.46806823495237
        },
        "lte_addsub": {
            "q25": 7.458627166235231,
            "q50": 7.580486877262659,
            "q75": 7.6963859297219015
        }
    },
    "estimated_flop_latencies": {
        "abs(x)": 0.9772640817464433,
        "-x": 0.2092785349452413,
        "x<=y": 4.66377748540406,
        "round": 2.9446108612195006,
        "x+y": 2.971095378666115,
        "x-y": 2.8829309109622714,
        "x*y": 2.9247024205746195,
        "x/y": 13.337797295809963,
        "sqrt(x)": 20.651766557861567,
        "cbrt(x)": 91.72161616988262,
        "e^x": 34.31901630677937,
        "2^x": 29.63357700722524,
        "10^x": 43.56652412723328,
        "log(x)": 47.11915907584051,
        "log2(x)": 56.391572484550466,
        "log10(x)": 68.88989490074091,
        "x^y": 88.66889075055882,
        "sin(x)": 66.36970153580063,
        "cos(x)": 67.60301140868984,
        "tan(x)": 99.05859583243466
    }
}