{
    "system": {
        "processor": {
            "description": "Intel(R) Core(TM) i7-8700B CPU @ 3.20GHz",
            "architecture": "x86_64 - X86_64 - 64-bits",
            "n_logical_core_count": 4,
            "n_physical_core_count": 4,
            "min_freq_mhz": 3190,
            "max_freq_mhz": 3190
        },
        "os": {
            "platform": "macOS-15.6.1-x86_64-i386-64bit-Mach-O",
            "system": "Darwin",
            "release": "24.6.0",
            "version": "Darwin Kernel Version 24.6.0: Mon Jul 14 11:28:17 PDT 2025; root:xnu-11417.140.69~1/RELEASE_X86_64"
        },
        "python": {
            "version": "3.13.7",
            "implementation": "CPython",
            "compiler": "Clang 20.1.4 "
        },
        "packages": {
            "counted_float": "0.9.6",
            "llvmlite": "0.45.1",
            "numba": "0.62.1",
            "numpy": "2.3.3",
            "psutil": "7.1.0",
            "py_cpuinfo": "9.0.0"
        }
    },
    "benchmark_settings": {
        "array_size": 1000,
        "n_runs_total": 40,
        "n_runs_warmup": 15,
        "n_seconds_per_run_target": 0.1
    },
    "n_cycles_per_op": {
        "baseline": {
            "q25": 0.4856245774319974,
            "q50": 0.5248517466332525,
            "q75": 0.78810236718085
        },
        "add": {
            "q25": 3.090456568866766,
            "q50": 3.5672248876138184,
            "q75": 4.007358582486308
        },
        "add_minus": {
            "q25": 3.6283350799415124,
            "q50": 3.7820015021596305,
            "q75": 4.239520929021948
        },
        "add_abs": {
            "q25": 5.344493374168152,
            "q50": 6.0035817308735755,
            "q75": 7.958086894545909
        },
        "add_add": {
            "q25": 5.96774940294701,
            "q50": 6.2497592387205545,
            "q75": 6.87327568376352
        },
        "add_sub": {
            "q25": 5.946462618998978,
            "q50": 6.036063190319031,
            "q75": 6.320607779224682
        },
        "add_round": {
            "q25": 8.846851664060056,
            "q50": 8.86224423775793,
            "q75": 8.924867981721036
        },
        "add_sqrt": {
            "q25": 16.310055697231657,
            "q50": 16.351484945691528,
            "q75": 16.596422822158942
        },
        "add_cbrt": {
            "q25": 109.12085474297464,
            "q50": 109.47086019263845,
            "q75": 109.88709426619965
        },
        "add_log": {
            "q25": 40.89749965445839,
            "q50": 40.94498033471181,
            "q75": 41.07199833333333
        },
        "add_log_exp": {
            "q25": 90.26525359383913,
            "q50": 91.04905147945992,
            "q75": 95.08916344736065
        },
        "add_log2": {
            "q25": 38.78973921708185,
            "q50": 38.833402474112425,
            "q75": 38.97167392339798
        },
        "add_log2_exp2": {
            "q25": 82.39704921675774,
            "q50": 82.54573468619247,
            "q75": 82.71764556447299
        },
        "add_log10": {
            "q25": 39.811477547010945,
            "q50": 40.435514045016916,
            "q75": 41.237661259571205
        },
        "add_log10_exp10": {
            "q25": 102.86837233278956,
            "q50": 103.40164800479123,
            "q75": 104.14790427317072
        },
        "add_sin": {
            "q25": 71.85702981372103,
            "q50": 72.01016863432166,
            "q75": 72.39255022267666
        },
        "add_cos": {
            "q25": 72.98513478909345,
            "q50": 74.32974717613502,
            "q75": 77.17574377920837
        },
        "add_tan": {
            "q25": 85.51580270241287,
            "q50": 85.87125949810091,
            "q75": 86.81922663055254
        },
        "pow": {
            "q25": 95.07455601621135,
            "q50": 95.17811003018411,
            "q75": 95.43240527469135
        },
        "pow_pow": {
            "q25": 190.17758662251657,
            "q50": 190.94425367187503,
            "q75": 194.63781901032178
        },
        "sub": {
            "q25": 2.9276541541311385,
            "q50": 2.9308749238151592,
            "q75": 2.942264072874118
        },
        "sub_sub": {
            "q25": 5.883756124275836,
            "q50": 5.88867557294963,
            "q75": 5.8938633369304325
        },
        "mul": {
            "q25": 2.930172219285042,
            "q50": 2.947111100346726,
            "q75": 3.007620979498644
        },
        "mul_mul": {
            "q25": 5.882544452915645,
            "q50": 5.889241198407827,
            "q75": 5.948595060903953
        },
        "div": {
            "q25": 10.351158997583374,
            "q50": 10.53512006726086,
            "q75": 11.521674816806243
        },
        "div_div": {
            "q25": 20.60058380980981,
            "q50": 20.666074394008465,
            "q75": 20.86724256153796
        },
        "lte_addsub": {
            "q25": 7.997934004096909,
            "q50": 8.005463573931504,
            "q75": 8.016897080282659
        }
    },
    "estimated_flop_latencies": {
        "abs(x)": 2.436356843259757,
        "-x": 0.2147766145458121,
        "x<=y": 4.756413668217015,
        "round": 5.295019350144111,
        "x+y": 2.682534351106736,
        "x-y": 2.4688383027052128,
        "x*y": 2.942130098061101,
        "x/y": 10.130954326747606,
        "sqrt(x)": 12.78426005807771,
        "cbrt(x)": 105.90363530502464,
        "e^x": 50.10407114474811,
        "2^x": 43.71233221208005,
        "10^x": 62.96613395977431,
        "log(x)": 37.37775544709799,
        "log2(x)": 35.26617758649861,
        "log10(x)": 36.8682891574031,
        "x^y": 95.76614364169092,
        "sin(x)": 68.44294374670784,
        "cos(x)": 70.7625222885212,
        "tan(x)": 82.3040346104871
    }
}