{
  "timestamp": 1762182802.557227,
  "summary": {
    "passed_tests": 4,
    "total_tests": 4,
    "success_rate": 1.0
  },
  "detailed_results": [
    {
      "command": "python3 -c from src.riveter.cli import main; main() --version",
      "successful_runs": 3,
      "total_runs": 3,
      "min_time": 0.1265401840209961,
      "max_time": 0.1333320140838623,
      "avg_time": 0.13053441047668457,
      "median_time": 0.1317310333251953,
      "std_dev": 0.0035505166640781706,
      "all_times": [
        0.1317310333251953,
        0.1333320140838623,
        0.1265401840209961
      ],
      "test_name": "Version Command",
      "target_time": 2.0,
      "description": "Should complete in under 2 seconds"
    },
    {
      "command": "python3 -c from src.riveter.cli import main; main() --help",
      "successful_runs": 3,
      "total_runs": 3,
      "min_time": 0.12568998336791992,
      "max_time": 0.12845802307128906,
      "avg_time": 0.12712605794270834,
      "median_time": 0.12723016738891602,
      "std_dev": 0.0013869535076740072,
      "all_times": [
        0.12568998336791992,
        0.12845802307128906,
        0.12723016738891602
      ],
      "test_name": "Help Command",
      "target_time": 2.0,
      "description": "Should complete in under 2 seconds"
    },
    {
      "command": "python3 -c from src.riveter.cli import main; main() list-rule-packs",
      "successful_runs": 3,
      "total_runs": 3,
      "min_time": 0.48587679862976074,
      "max_time": 0.4953727722167969,
      "avg_time": 0.4894584019978841,
      "median_time": 0.4871256351470947,
      "std_dev": 0.0051599156462609295,
      "all_times": [
        0.4953727722167969,
        0.4871256351470947,
        0.48587679862976074
      ],
      "test_name": "List Rule Packs",
      "target_time": 5.0,
      "description": "Should complete in under 5 seconds"
    },
    {
      "command": "python3 -c from src.riveter.cli import main; main() scan --help",
      "successful_runs": 3,
      "total_runs": 3,
      "min_time": 0.12612199783325195,
      "max_time": 0.12710285186767578,
      "avg_time": 0.1266932487487793,
      "median_time": 0.12685489654541016,
      "std_dev": 0.000510015849585171,
      "all_times": [
        0.12710285186767578,
        0.12612199783325195,
        0.12685489654541016
      ],
      "test_name": "Scan Help",
      "target_time": 5.0,
      "description": "Should complete in under 5 seconds"
    }
  ]
}
