{
  "metadata": {
    "timestamp": "20251009_152514",
    "session_id": "session_20251009_152426_f80d6ab1",
    "task_type": "feature_selection",
    "data_info": {
      "n_samples": 569,
      "n_features": 30,
      "n_classes": 2,
      "dataset_name": "Breast Cancer",
      "task_type": "feature_selection"
    },
    "total_algorithms": 2,
    "software_version": "MHA-Comprehensive-v3.0-Persistent",
    "save_location": "results\\persistent_storage",
    "persistence_enabled": true
  },
  "algorithms": {
    "pso": {
      "statistics": {
        "mean_fitness": 0.06592221293975681,
        "std_fitness": 0.004902957523594887,
        "best_fitness": 0.060231133389028094,
        "worst_fitness": 0.07219808781212286,
        "mean_time": 95.92006731033325,
        "std_time": 2.2276963650604205,
        "total_runs": 3,
        "successful_runs": 3,
        "mean_features": 8.0,
        "std_features": 0.816496580927726,
        "mean_accuracy": 0.9340777870602434,
        "std_accuracy": 0.0049029575235949065
      },
      "best_run": {
        "run": 1,
        "best_fitness": 0.060231133389028094,
        "n_selected_features": 7,
        "convergence_curve": [
          0.08410934744268077,
          0.07691636498654039,
          0.06551285621461057,
          0.060231133389028094,
          0.060231133389028094,
          0.060231133389028094,
          0.060231133389028094,
          0.060231133389028094,
          0.060231133389028094,
          0.060231133389028094,
          0.060231133389028094,
          0.060231133389028094,
          0.060231133389028094,
          0.060231133389028094,
          0.060231133389028094,
          0.060231133389028094,
          0.060231133389028094,
          0.060231133389028094,
          0.060231133389028094,
          0.060231133389028094,
          0.060231133389028094,
          0.060231133389028094,
          0.060231133389028094,
          0.060231133389028094,
          0.060231133389028094,
          0.060231133389028094,
          0.060231133389028094,
          0.060231133389028094,
          0.060231133389028094,
          0.060231133389028094,
          0.060231133389028094,
          0.060231133389028094,
          0.060231133389028094,
          0.060231133389028094,
          0.060231133389028094,
          0.060231133389028094,
          0.060231133389028094,
          0.060231133389028094,
          0.060231133389028094,
          0.060231133389028094,
          0.060231133389028094,
          0.060231133389028094,
          0.060231133389028094,
          0.060231133389028094,
          0.060231133389028094,
          0.060231133389028094,
          0.060231133389028094,
          0.060231133389028094,
          0.060231133389028094,
          0.060231133389028094
        ],
        "execution_time": 92.77146768569946,
        "final_accuracy": 0.9397688666109719,
        "success": true
      },
      "performance_score": 0.060231133389028094,
      "execution_time": 95.92006731033325,
      "stability": 0.9256251071535558
    },
    "gwo": {
      "statistics": {
        "mean_fitness": 0.04673473807976735,
        "std_fitness": 0.0012212767135571813,
        "best_fitness": 0.045152696556205345,
        "worst_fitness": 0.04812587023113345,
        "mean_time": 210.72880069414774,
        "std_time": 4.657266025322815,
        "total_runs": 3,
        "successful_runs": 3,
        "mean_features": 4.0,
        "std_features": 1.4142135623730951,
        "mean_accuracy": 0.9532652619202326,
        "std_accuracy": 0.001221276713557184
      },
      "best_run": {
        "run": 1,
        "best_fitness": 0.045152696556205345,
        "n_selected_features": 3,
        "convergence_curve": [
          0.08039728952009648,
          0.06671307899378087,
          0.06671307899378087,
          0.06671307899378087,
          0.06671307899378087,
          0.05711965097930011,
          0.05711965097930011,
          0.05668523159751239,
          0.05668523159751239,
          0.0551619790216281,
          0.0551619790216281,
          0.0551619790216281,
          0.0551619790216281,
          0.0551619790216281,
          0.0551619790216281,
          0.0551619790216281,
          0.0551619790216281,
          0.0551619790216281,
          0.0551619790216281,
          0.045152696556205345,
          0.045152696556205345,
          0.045152696556205345,
          0.045152696556205345,
          0.045152696556205345,
          0.045152696556205345,
          0.045152696556205345,
          0.045152696556205345,
          0.045152696556205345,
          0.045152696556205345,
          0.045152696556205345,
          0.045152696556205345,
          0.045152696556205345,
          0.045152696556205345,
          0.045152696556205345,
          0.045152696556205345,
          0.045152696556205345,
          0.045152696556205345,
          0.045152696556205345,
          0.045152696556205345,
          0.045152696556205345,
          0.045152696556205345,
          0.045152696556205345,
          0.045152696556205345,
          0.045152696556205345,
          0.045152696556205345,
          0.045152696556205345,
          0.045152696556205345,
          0.045152696556205345,
          0.045152696556205345,
          0.045152696556205345,
          0.045152696556205345,
          0.045152696556205345,
          0.045152696556205345,
          0.045152696556205345,
          0.045152696556205345,
          0.045152696556205345,
          0.045152696556205345,
          0.045152696556205345,
          0.045152696556205345,
          0.045152696556205345,
          0.045152696556205345,
          0.045152696556205345,
          0.045152696556205345,
          0.045152696556205345,
          0.045152696556205345,
          0.045152696556205345,
          0.045152696556205345,
          0.045152696556205345,
          0.045152696556205345,
          0.045152696556205345,
          0.045152696556205345,
          0.045152696556205345,
          0.045152696556205345,
          0.045152696556205345,
          0.045152696556205345,
          0.045152696556205345,
          0.045152696556205345,
          0.045152696556205345,
          0.045152696556205345,
          0.045152696556205345,
          0.045152696556205345,
          0.045152696556205345,
          0.045152696556205345,
          0.045152696556205345,
          0.045152696556205345,
          0.045152696556205345,
          0.045152696556205345,
          0.045152696556205345,
          0.045152696556205345,
          0.045152696556205345,
          0.045152696556205345,
          0.045152696556205345,
          0.045152696556205345,
          0.045152696556205345,
          0.045152696556205345,
          0.045152696556205345,
          0.045152696556205345,
          0.045152696556205345,
          0.045152696556205345,
          0.045152696556205345
        ],
        "execution_time": 204.49130773544312,
        "final_accuracy": 0.9548473034437946,
        "success": true
      },
      "performance_score": 0.045152696556205345,
      "execution_time": 210.72880069414774,
      "stability": 0.9738679028975685
    }
  },
  "models": {
    "pso": {
      "best_fitness": 0.060231133389028094,
      "execution_time": 92.77146768569946,