{
  "metadata": {
    "timestamp": "20251009_145320",
    "session_id": "session_20251009_144219_d07e9a32",
    "task_type": "feature_selection",
    "data_info": {
      "n_samples": 569,
      "n_features": 30,
      "n_classes": 2,
      "dataset_name": "Breast Cancer",
      "task_type": "feature_selection"
    },
    "total_algorithms": 2,
    "software_version": "MHA-Comprehensive-v3.0-Persistent",
    "save_location": "results\\persistent_storage",
    "persistence_enabled": true
  },
  "algorithms": {
    "pso": {
      "statistics": {
        "mean_fitness": 0.06654073455243052,
        "std_fitness": 0.0036563413580438372,
        "best_fitness": 0.06144992109904391,
        "worst_fitness": 0.06987097373062298,
        "mean_time": 95.4111123085022,
        "std_time": 2.225905471750442,
        "total_runs": 3,
        "successful_runs": 3,
        "mean_features": 11.0,
        "std_features": 0.816496580927726,
        "mean_accuracy": 0.9334592654475694,
        "std_accuracy": 0.0036563413580438424
      },
      "best_run": {
        "run": 3,
        "best_fitness": 0.06144992109904391,
        "n_selected_features": 10,
        "convergence_curve": [
          0.07162535969553516,
          0.07162535969553516,
          0.07162535969553516,
          0.07162535969553516,
          0.07023113338902809,
          0.06144992109904391,
          0.06144992109904391,
          0.06144992109904391,
          0.06144992109904391,
          0.06144992109904391,
          0.06144992109904391,
          0.06144992109904391,
          0.06144992109904391,
          0.06144992109904391,
          0.06144992109904391,
          0.06144992109904391,
          0.06144992109904391,
          0.06144992109904391,
          0.06144992109904391,
          0.06144992109904391,
          0.06144992109904391,
          0.06144992109904391,
          0.06144992109904391,
          0.06144992109904391,
          0.06144992109904391,
          0.06144992109904391,
          0.06144992109904391,
          0.06144992109904391,
          0.06144992109904391,
          0.06144992109904391,
          0.06144992109904391,
          0.06144992109904391,
          0.06144992109904391,
          0.06144992109904391,
          0.06144992109904391,
          0.06144992109904391,
          0.06144992109904391,
          0.06144992109904391,
          0.06144992109904391,
          0.06144992109904391,
          0.06144992109904391,
          0.06144992109904391,
          0.06144992109904391,
          0.06144992109904391,
          0.06144992109904391,
          0.06144992109904391,
          0.06144992109904391,
          0.06144992109904391,
          0.06144992109904391,
          0.06144992109904391
        ],
        "execution_time": 93.09090828895569,
        "final_accuracy": 0.9385500789009561,
        "success": true
      },
      "performance_score": 0.06144992109904391,
      "execution_time": 95.4111123085022,
      "stability": 0.9450510821283039
    },
    "wdo": {
      "statistics": {
        "mean_fitness": 0.06976329713171824,
        "std_fitness": 0.0021359955388369663,
        "best_fitness": 0.0668885175902719,
        "worst_fitness": 0.07200408428478611,
        "mean_time": 101.57028937339783,
        "std_time": 2.7575893970041334,
        "total_runs": 3,
        "successful_runs": 3,
        "mean_features": 9.333333333333334,
        "std_features": 0.4714045207910317,
        "mean_accuracy": 0.9302367028682818,
        "std_accuracy": 0.0021359955388369563
      },
      "best_run": {
        "run": 2,
        "best_fitness": 0.0668885175902719,
        "n_selected_features": 9,
        "convergence_curve": [
          0.07531885268727383,
          0.07198551935394049,
          0.07005569479253686,
          0.0668885175902719,
          0.0668885175902719,
          0.0668885175902719,
          0.0668885175902719,
          0.0668885175902719,
          0.0668885175902719,
          0.0668885175902719,
          0.0668885175902719,
          0.0668885175902719,
          0.0668885175902719,
          0.0668885175902719,
          0.0668885175902719,
          0.0668885175902719,
          0.0668885175902719,
          0.0668885175902719,
          0.0668885175902719,
          0.0668885175902719,
          0.0668885175902719,
          0.0668885175902719,
          0.0668885175902719,
          0.0668885175902719,
          0.0668885175902719,
          0.0668885175902719,
          0.0668885175902719,
          0.0668885175902719,
          0.0668885175902719,
          0.0668885175902719,
          0.0668885175902719,
          0.0668885175902719,
          0.0668885175902719,
          0.0668885175902719,
          0.0668885175902719,
          0.0668885175902719,
          0.0668885175902719,
          0.0668885175902719,
          0.0668885175902719,
          0.0668885175902719,
          0.0668885175902719,
          0.0668885175902719,
          0.0668885175902719,
          0.0668885175902719,
          0.0668885175902719,
          0.0668885175902719,
          0.0668885175902719,
          0.0668885175902719,
          0.0668885175902719,
          0.0668885175902719,
          0.0668885175902719
        ],
        "execution_time": 101.17270755767822,
        "final_accuracy": 0.9331114824097281,
        "success": true
      },
      "performance_score": 0.0668885175902719,
      "execution_time": 101.57028937339783,
      "stability": 0.969382245010524
    }
  },
  "models": {
    "pso": {
      "best_fitness": 0.06144992109904391,
      "execution_time": 93.09090828895569,
      "convergence_curve": [
        0.07162535969553516,
        0.07162535969553516,
        0.07162535969553516,
        0.07162535969553516,
        0.07023113338902809,
        0.06144992109904391,
        0.06144992109904391,
        0.06144992109904391,
        0.06144992109904391,
        0.06144992109904391,
        0.06144992109904391,
        0.06144992109904391,
        0.06144992109904391,
        0.06144992109904391,
        0.06144992109904391,
        0.06144992109904391,
        0.06144992109904391,
        0.06144992109904391,
        0.06144992109904391,
        0.06144992109904391,
        0.06144992109904391,
        0.06144992109904391,
        0.06144992109904391,
        0.06144992109904391,
        0.06144992109904391,
        0.06144992109904391,
        0.06144992109904391,
        0.06144992109904391,
        0.06144992109904391,
        0.06144992109904391,
        0.06144992109904391,
        0.06144992109904391,
        0.06144992109904391,
        0.06144992109904391,
        0.06144992109904391,
        0.06144992109904391,
        0.06144992109904391,
        0.06144992109904391,
        0.06144992109904391,
        0.06144992109904391,
        0.06144992109904391,
        0.06144992109904391,
        0.06144992109904391,
        0.06144992109904391,
        0.06144992109904391,
        0.06144992109904391,
        0.06144992109904391,
        0.06144992109904391,
        0.06144992109904391,
        0.06144992109904391
      ],
      "model_parameters": {
        "algorithm": "pso",
        "task_type": "feature_selection",
        "optimized_value": 0.06144992109904391,
        "ready_for_production": true
      },
      "feature_selection": {
        "selected_features": 10,
        "accuracy": 0.9385500789009561
      }
    },
    "wdo": {
      "best_fitness": 0.0668885175902719,
      "execution_time": 101.17270755767822,