Method,Num Communities,Max Size,Avg Size,Modularity,Avg. density:,Avg. degree:,Avg. clustering:,Execution Time (s),partition_index
Louvain,6,29,10.833333333333334,0.6366666666666666,0.2220169677066229,1.5559660645867543,0.0,0.001672983169555664,0
Girvan Newman,8,27,8.125,0.6188888888888888,0.22244268077601412,1.5551146384479717,0.0,2.1457672119140625e-06,1
Fast Label Propagation,6,29,10.833333333333334,0.6277777777777778,0.22721177290142805,1.5455764541971437,0.0,8.130073547363281e-05,2
Walktrap,6,29,10.833333333333334,0.6366666666666667,0.22201696770662285,1.5559660645867543,0.0,0.002087116241455078,3
Infomap,5,29,13.0,0.5905555555555556,0.23097062579821198,1.538058748403576,0.0,0.001024007797241211,4
Greedy Modularity,6,29,10.833333333333334,0.6366666666666667,0.22201696770662285,1.5559660645867543,0.0,0.010210990905761719,5
Leiden,6,29,10.833333333333334,0.6366666666666667,0.22201696770662285,1.5559660645867543,0.0,0.0025768280029296875,6
