Method,Num Communities,Max Size,Avg Size,Modularity,Avg. density:,Avg. degree:,Avg. clustering:,Execution Time (s),partition_index
Louvain,6,29,10.833333333333334,0.6366666666666667,0.2220169677066229,1.5559660645867543,0.0,0.0012900829315185547,0
Girvan Newman,8,27,8.125,0.6188888888888889,0.22244268077601412,1.5551146384479717,0.0,6.127357482910156e-05,1
Fast Label Propagation,6,29,10.833333333333334,0.6277777777777778,0.22721177290142805,1.5455764541971437,0.0,0.00016069412231445312,2
Walktrap,6,29,10.833333333333334,0.6366666666666667,0.22201696770662285,1.5559660645867543,0.0,0.0025081634521484375,3
Infomap,6,29,10.833333333333334,0.6366666666666667,0.22201696770662285,1.5559660645867543,0.0,0.003366708755493164,4
Greedy Modularity,6,29,10.833333333333334,0.6366666666666667,0.22201696770662285,1.5559660645867543,0.0,0.006609916687011719,5
Leiden,6,29,10.833333333333334,0.6366666666666667,0.22201696770662285,1.5559660645867543,0.0,0.004079103469848633,6
