{
    "system": {
        "processor": {
            "description": "Neoverse-N1",
            "architecture": "aarch64 - ARM_8 - 64-bits",
            "n_logical_core_count": 4,
            "n_physical_core_count": 4,
            "min_freq_mhz": null,
            "max_freq_mhz": null
        },
        "os": {
            "platform": "Linux-6.1.153-175.280.amzn2023.aarch64-aarch64-with-glibc2.34",
            "system": "Linux",
            "release": "6.1.153-175.280.amzn2023.aarch64",
            "version": "#1 SMP Tue Sep 23 21:28:44 UTC 2025"
        },
        "python": {
            "version": "3.13.8",
            "implementation": "CPython",
            "compiler": "Clang 20.1.4 "
        },
        "packages": {
            "counted_float": "0.9.6",
            "llvmlite": "0.45.1",
            "numba": "0.62.1",
            "numpy": "2.3.3",
            "psutil": "7.1.0",
            "py_cpuinfo": "9.0.0"
        }
    },
    "benchmark_settings": {
        "array_size": 1000,
        "n_runs_total": 40,
        "n_runs_warmup": 15,
        "n_seconds_per_run_target": 0.1
    },
    "n_cycles_per_op": {
        "baseline": {
            "q25": 0.2002324958440837,
            "q50": 0.20024517192320151,
            "q75": 0.20026164343581743
        },
        "add": {
            "q25": 0.801489217101073,
            "q50": 0.8018874987916089,
            "q75": 0.8021054745143577
        },
        "add_minus": {
            "q25": 1.2083021544290884,
            "q50": 1.2083986398688444,
            "q75": 1.2084861760384666
        },
        "add_abs": {
            "q25": 2.0956727564237796,
            "q50": 2.0957356503422853,
            "q75": 2.095980195516602
        },
        "add_add": {
            "q25": 1.681235096316323,
            "q50": 1.681277268042108,
            "q75": 1.6814191219973968
        },
        "add_sub": {
            "q25": 1.6811917421101616,
            "q50": 1.6812536851190578,
            "q75": 1.681534530012858
        },
        "add_round": {
            "q25": 2.5664747026497072,
            "q50": 2.566532786462364,
            "q75": 2.566751780002064
        },
        "add_sqrt": {
            "q25": 8.504336781805746,
            "q50": 8.504813183994527,
            "q75": 8.505966233544195
        },
        "add_cbrt": {
            "q25": 36.049657856625636,
            "q50": 36.196438202247194,
            "q75": 36.26833502170767
        },
        "add_log": {
            "q25": 14.773799014484096,
            "q50": 14.854303778637309,
            "q75": 14.9604398008449
        },
        "add_log_exp": {
            "q25": 27.183597855964816,
            "q50": 27.318350235522306,
            "q75": 27.39066248606466
        },
        "add_log2": {
            "q25": 16.53834541223404,
            "q50": 16.555585248085247,
            "q75": 16.56153821815154
        },
        "add_log2_exp2": {
            "q25": 25.49366228748068,
            "q50": 25.534481253210068,
            "q75": 25.573593581514764
        },
        "add_log10": {
            "q25": 22.966057354301576,
            "q50": 23.002122463099628,
            "q75": 23.033184901277586
        },
        "add_log10_exp10": {
            "q25": 42.882864479930944,
            "q50": 42.91889410245373,
            "q75": 42.96257235421166
        },
        "add_sin": {
            "q25": 25.944019331243467,
            "q50": 26.020951557999478,
            "q75": 26.076505254860745
        },
        "add_cos": {
            "q25": 26.789968733153636,
            "q50": 26.856543694541543,
            "q75": 26.89208099352052
        },
        "add_tan": {
            "q25": 37.52201135503407,
            "q50": 37.64499129117758,
            "q75": 37.75724076190476
        },
        "pow": {
            "q25": 29.501372624703087,
            "q50": 29.509134854771784,
            "q75": 29.595201783060922
        },
        "pow_pow": {
            "q25": 59.35623877917415,
            "q50": 59.36592422434367,
            "q75": 59.38467105263158
        },
        "sub": {
            "q25": 0.8004545183321642,
            "q50": 0.8010191157650732,
            "q75": 0.8021291505775944
        },
        "sub_sub": {
            "q25": 1.681312783226243,
            "q50": 1.6813919917482543,
            "q75": 1.6815771454656117
        },
        "mul": {
            "q25": 1.2802858522639469,
            "q50": 1.2818331874919573,
            "q75": 1.2824980384086027
        },
        "mul_mul": {
            "q25": 2.4912368763774793,
            "q50": 2.491471320508967,
            "q75": 2.4915901631129262
        },
        "div": {
            "q25": 4.7818327323429015,
            "q50": 4.78229795623948,
            "q75": 4.7828911819887425
        },
        "div_div": {
            "q25": 9.552016135228584,
            "q50": 9.552775019245573,
            "q75": 9.554323947722468
        },
        "lte_addsub": {
            "q25": 1.1235040038852935,
            "q50": 1.1365608864151246,
            "q75": 1.1493703674667086
        }
    },
    "estimated_flop_latencies": {
        "abs(x)": 1.2938481515506763,
        "-x": 0.4065111410772355,
        "x<=y": 0.3351075791367836,
        "round": 1.7646452876707552,
        "x+y": 0.879389769250499,
        "x-y": 0.8793661863274489,
        "x*y": 1.2096381330170098,
        "x/y": 4.770477063006092,
        "sqrt(x)": 7.702925685202918,
        "cbrt(x)": 35.394550703455586,
        "e^x": 12.464046456884997,
        "2^x": 8.97889600512482,
        "10^x": 19.9167716393541,
        "log(x)": 14.0524162798457,
        "log2(x)": 15.753697749293638,
        "log10(x)": 22.20023496430802,
        "x^y": 29.85678936957189,
        "sin(x)": 25.21906405920787,
        "cos(x)": 26.054656195749935,
        "tan(x)": 36.843103792385975
    }
}