{
    "system": {
        "processor": {
            "description": "",
            "architecture": "aarch64 - ARM_8 - 64-bits",
            "n_logical_core_count": 4,
            "n_physical_core_count": 4,
            "min_freq_mhz": null,
            "max_freq_mhz": null
        },
        "os": {
            "platform": "Linux-6.1.153-175.280.amzn2023.aarch64-aarch64-with-glibc2.34",
            "system": "Linux",
            "release": "6.1.153-175.280.amzn2023.aarch64",
            "version": "#1 SMP Tue Sep 23 21:28:44 UTC 2025"
        },
        "python": {
            "version": "3.13.8",
            "implementation": "CPython",
            "compiler": "Clang 20.1.4 "
        },
        "packages": {
            "counted_float": "0.9.6",
            "llvmlite": "0.45.1",
            "numba": "0.62.1",
            "numpy": "2.3.3",
            "psutil": "7.1.0",
            "py_cpuinfo": "9.0.0"
        }
    },
    "benchmark_settings": {
        "array_size": 1000,
        "n_runs_total": 40,
        "n_runs_warmup": 15,
        "n_seconds_per_run_target": 0.1
    },
    "n_cycles_per_op": {
        "baseline": {
            "q25": 0.09639956593484736,
            "q50": 0.0964274889568799,
            "q75": 0.09699798287036097
        },
        "add": {
            "q25": 0.7579705692084053,
            "q50": 0.7580384088417976,
            "q75": 0.7580750190345669
        },
        "add_minus": {
            "q25": 1.1475560810732865,
            "q50": 1.147889205167506,
            "q75": 1.1485792537433863
        },
        "add_abs": {
            "q25": 1.522830772288733,
            "q50": 1.5228913149847094,
            "q75": 1.5229941574133554
        },
        "add_add": {
            "q25": 1.5229306564320555,
            "q50": 1.523006514060278,
            "q75": 1.5230779171127082
        },
        "add_sub": {
            "q25": 1.5229354197258933,
            "q50": 1.523036898788398,
            "q75": 1.5231405086326866
        },
        "add_round": {
            "q25": 2.283073703032943,
            "q50": 2.2832637468470534,
            "q75": 2.283403851885819
        },
        "add_sqrt": {
            "q25": 8.089022097652125,
            "q50": 8.089344029244517,
            "q75": 8.08980938845123
        },
        "add_cbrt": {
            "q25": 32.0647002900419,
            "q50": 32.08894025056216,
            "q75": 32.16482223658694
        },
        "add_log": {
            "q25": 14.133725685077382,
            "q50": 14.135155309483249,
            "q75": 14.136535775127768
        },
        "add_log_exp": {
            "q25": 25.460565217391306,
            "q50": 25.462608083908925,
            "q75": 25.46430818414322
        },
        "add_log2": {
            "q25": 15.44220831394447,
            "q50": 15.446306666666667,
            "q75": 15.449451077686463
        },
        "add_log2_exp2": {
            "q25": 24.542383041656397,
            "q50": 24.54511190534878,
            "q75": 24.548475240206947
        },
        "add_log10": {
            "q25": 21.889464379947228,
            "q50": 21.92493253968254,
            "q75": 21.943404002639102
        },
        "add_log10_exp10": {
            "q25": 36.521084372707264,
            "q50": 36.52761123348017,
            "q75": 36.5404662509171
        },
        "add_sin": {
            "q25": 23.84113325330132,
            "q50": 23.90305878119002,
            "q75": 23.947487407052048
        },
        "add_cos": {
            "q25": 24.800947539345493,
            "q50": 24.846560090135206,
            "q75": 24.89805034895314
        },
        "add_tan": {
            "q25": 33.14066477082636,
            "q50": 33.22793268910363,
            "q75": 33.289388258839224
        },
        "pow": {
            "q25": 28.526798509601605,
            "q50": 28.531108595988538,
            "q75": 28.534664087130984
        },
        "pow_pow": {
            "q25": 56.71607354618016,
            "q50": 56.71901766381767,
            "q75": 56.72378176638177
        },
        "sub": {
            "q25": 0.7578929365031049,
            "q50": 0.7579254808241177,
            "q75": 0.7579376531839426
        },
        "sub_sub": {
            "q25": 1.522891221899373,
            "q50": 1.5229234251456711,
            "q75": 1.5229916630973506
        },
        "mul": {
            "q25": 1.1351698072341345,
            "q50": 1.1352238176157294,
            "q75": 1.135258299890551
        },
        "mul_mul": {
            "q25": 2.2829204191122527,
            "q50": 2.2830947631494474,
            "q75": 2.2832340557275543
        },
        "div": {
            "q25": 4.535369766276368,
            "q50": 4.5355872357871725,
            "q75": 4.536031025056947
        },
        "div_div": {
            "q25": 9.151084015074915,
            "q50": 9.151646317918543,
            "q75": 9.152063866936226
        },
        "lte_addsub": {
            "q25": 0.7653897376389038,
            "q50": 0.7656038334729512,
            "q75": 0.7658614581089813
        }
    },
    "estimated_flop_latencies": {
        "abs(x)": 0.7648529061429118,
        "-x": 0.3898507963257084,
        "x<=y": 0.007621888639993579,
        "round": 1.5252253380052556,
        "x+y": 0.7649681052184804,
        "x-y": 0.7649984899466004,
        "x*y": 1.147870945533718,
        "x/y": 4.61605908213137,
        "sqrt(x)": 7.331305620402719,
        "cbrt(x)": 31.33090184172036,
        "e^x": 11.327452774425677,
        "2^x": 9.098805238682113,
        "10^x": 14.602678693797632,
        "log(x)": 13.377116900641452,
        "log2(x)": 14.68826825782487,
        "log10(x)": 21.166894130840742,
        "x^y": 28.18790906782913,
        "sin(x)": 23.14502037234822,
        "cos(x)": 24.088521681293408,
        "tan(x)": 32.46989428026183
    }
}