{
  "metadata": {
    "timestamp": "20251009_144220",
    "session_id": "session_20251009_144219_d07e9a32",
    "task_type": "feature_selection",
    "data_info": {
      "n_samples": 569,
      "n_features": 30,
      "n_classes": 2,
      "dataset_name": "Breast Cancer",
      "task_type": "feature_selection"
    },
    "total_algorithms": 2,
    "software_version": "MHA-Comprehensive-v3.0-Persistent",
    "save_location": "results\\persistent_storage",
    "persistence_enabled": true
  },
  "algorithms": {
    "pso": {
      "statistics": {
        "mean_fitness": 0.06777499303815093,
        "std_fitness": 0.0005983166443929947,
        "best_fitness": 0.06693492991738612,
        "worst_fitness": 0.06828274389677895,
        "mean_time": 115.13630294799805,
        "std_time": 16.154959822725207,
        "total_runs": 3,
        "successful_runs": 3,
        "mean_features": 10.666666666666666,
        "std_features": 1.247219128924647,
        "mean_accuracy": 0.9322250069618491,
        "std_accuracy": 0.0005983166443929751
      },
      "best_run": {
        "run": 1,
        "best_fitness": 0.06693492991738612,
        "n_selected_features": 9,
        "convergence_curve": [
          0.0767037965283579,
          0.0767037965283579,
          0.0767037965283579,
          0.0767037965283579,
          0.07356446672236143,
          0.06693492991738612,
          0.06693492991738612,
          0.06693492991738612,
          0.06693492991738612,
          0.06693492991738612,
          0.06693492991738612,
          0.06693492991738612,
          0.06693492991738612,
          0.06693492991738612,
          0.06693492991738612,
          0.06693492991738612,
          0.06693492991738612,
          0.06693492991738612,
          0.06693492991738612,
          0.06693492991738612,
          0.06693492991738612,
          0.06693492991738612,
          0.06693492991738612,
          0.06693492991738612,
          0.06693492991738612,
          0.06693492991738612,
          0.06693492991738612,
          0.06693492991738612,
          0.06693492991738612,
          0.06693492991738612,
          0.06693492991738612,
          0.06693492991738612,
          0.06693492991738612,
          0.06693492991738612,
          0.06693492991738612,
          0.06693492991738612,
          0.06693492991738612,
          0.06693492991738612,
          0.06693492991738612,
          0.06693492991738612,
          0.06693492991738612,
          0.06693492991738612,
          0.06693492991738612,
          0.06693492991738612,
          0.06693492991738612,
          0.06693492991738612,
          0.06693492991738612,
          0.06693492991738612,
          0.06693492991738612,
          0.06693492991738612
        ],
        "execution_time": 132.34957838058472,
        "final_accuracy": 0.9330650700826139,
        "success": true
      },
      "performance_score": 0.06693492991738612,
      "execution_time": 115.13630294799805,
      "stability": 0.9911720146683571
    },
    "wdo": {
      "statistics": {
        "mean_fitness": 0.07493115504811415,
        "std_fitness": 0.004725281264900798,
        "best_fitness": 0.06904947554070363,
        "worst_fitness": 0.08061914044370193,
        "mean_time": 96.06364194552104,
        "std_time": 2.4911829747304286,
        "total_runs": 3,
        "successful_runs": 3,
        "mean_features": 10.0,
        "std_features": 2.160246899469287,
        "mean_accuracy": 0.9250688449518858,
        "std_accuracy": 0.0047252812649007875
      },
      "best_run": {
        "run": 1,
        "best_fitness": 0.06904947554070363,
        "n_selected_features": 7,
        "convergence_curve": [
          0.07257681240137383,
          0.06904947554070363,
          0.06904947554070363,
          0.06904947554070363,
          0.06904947554070363,
          0.06904947554070363,
          0.06904947554070363,
          0.06904947554070363,
          0.06904947554070363,
          0.06904947554070363,
          0.06904947554070363,
          0.06904947554070363,
          0.06904947554070363,
          0.06904947554070363,
          0.06904947554070363,
          0.06904947554070363,
          0.06904947554070363,
          0.06904947554070363,
          0.06904947554070363,
          0.06904947554070363,
          0.06904947554070363,
          0.06904947554070363,
          0.06904947554070363,
          0.06904947554070363,
          0.06904947554070363,
          0.06904947554070363,
          0.06904947554070363,
          0.06904947554070363,
          0.06904947554070363,
          0.06904947554070363,
          0.06904947554070363,
          0.06904947554070363,
          0.06904947554070363,
          0.06904947554070363,
          0.06904947554070363,
          0.06904947554070363,
          0.06904947554070363,
          0.06904947554070363,
          0.06904947554070363,
          0.06904947554070363,
          0.06904947554070363,
          0.06904947554070363,
          0.06904947554070363,
          0.06904947554070363,
          0.06904947554070363,
          0.06904947554070363,
          0.06904947554070363,
          0.06904947554070363,
          0.06904947554070363,
          0.06904947554070363,
          0.06904947554070363
        ],
        "execution_time": 99.52594065666199,
        "final_accuracy": 0.9309505244592964,
        "success": true
      },
      "performance_score": 0.06904947554070363,
      "execution_time": 96.06364194552104,
      "stability": 0.9369383634635468
    }
  },
  "models": {
    "pso": {
      "best_fitness": 0.06693492991738612,
      "execution_time": 132.34957838058472,
      "convergence_curve": [
        0.0767037965283579,
        0.0767037965283579,
        0.0767037965283579,
        0.0767037965283579,
        0.07356446672236143,
        0.06693492991738612,
        0.06693492991738612,
        0.06693492991738612,
        0.06693492991738612,
        0.06693492991738612,
        0.06693492991738612,
        0.06693492991738612,
        0.06693492991738612,
        0.06693492991738612,
        0.06693492991738612,
        0.06693492991738612,
        0.06693492991738612,
        0.06693492991738612,
        0.06693492991738612,
        0.06693492991738612,
        0.06693492991738612,
        0.06693492991738612,
        0.06693492991738612,
        0.06693492991738612,
        0.06693492991738612,
        0.06693492991738612,
        0.06693492991738612,
        0.06693492991738612,
        0.06693492991738612,
        0.06693492991738612,
        0.06693492991738612,
        0.06693492991738612,
        0.06693492991738612,
        0.06693492991738612,
        0.06693492991738612,
        0.06693492991738612,
        0.06693492991738612,
        0.06693492991738612,
        0.06693492991738612,
        0.06693492991738612,
        0.06693492991738612,
        0.06693492991738612,
        0.06693492991738612,
        0.06693492991738612,
        0.06693492991738612,
        0.06693492991738612,
        0.06693492991738612,
        0.06693492991738612,
        0.06693492991738612,
        0.06693492991738612
      ],
      "model_parameters": {
        "algorithm": "pso",
        "task_type": "feature_selection",
        "optimized_value": 0.06693492991738612,
        "ready_for_production": true
      },
      "feature_selection": {
        "selected_features": 9,
        "accuracy": 0.9330650700826139
      }
    },
    "wdo": {
      "best_fitness": 0.06904947554070363,
      "execution_time": 99.52594065666199,