Algorithm,Best_Fitness,Execution_Time,Stability
PSO,0.060231133389028094,95.92006731033325,0.9256251071535558
GWO,0.045152696556205345,210.72880069414774,0.9738679028975685
