{
	"system": {
		"processor": {
			"description": "Apple M4 Pro",
			"architecture": "arm64 - ARM_8 - 64-bits",
			"n_logical_core_count": 14,
			"n_physical_core_count": 14,
			"min_freq_mhz": 1000,
			"max_freq_mhz": 4000
		},
		"os": {
			"platform": "macOS-15.6.1-arm64-arm-64bit-Mach-O",
			"system": "Darwin",
			"release": "24.6.0",
			"version": "Darwin Kernel Version 24.6.0: Mon Jul 14 11:30:40 PDT 2025; root:xnu-11417.140.69~1/RELEASE_ARM64_T6041"
		},
		"python": {
			"version": "3.13.7",
			"implementation": "CPython",
			"compiler": "Clang 20.1.4 "
		},
		"packages": {
			"counted_float": "0.9.6",
			"llvmlite": "0.45.1",
			"numba": "0.62.1",
			"numpy": "2.2.6",
			"psutil": "7.0.0",
			"py_cpuinfo": "9.0.0"
		}
	},
	"benchmark_settings": {
		"array_size": 1000,
		"n_runs_total": 40,
		"n_runs_warmup": 15,
		"n_seconds_per_run_target": 0.1
	},
	"n_cycles_per_op": {
		"baseline": {
			"q25": 0.25123826484591166,
			"q50": 0.2643176981038177,
			"q75": 0.27229951474268643
		},
		"add": {
			"q25": 1.9180824658957536,
			"q50": 1.9188820655496241,
			"q75": 1.9204787639584135
		},
		"add_minus": {
			"q25": 4.182906996264742,
			"q50": 4.185771372832824,
			"q75": 4.1878287182175615
		},
		"add_abs": {
			"q25": 4.183672182158401,
			"q50": 4.185612188598985,
			"q75": 4.1937349417794225
		},
		"add_add": {
			"q25": 3.5909294253204664,
			"q50": 3.5921315384269055,
			"q75": 3.606154953657878
		},
		"add_sub": {
			"q25": 3.6411712343784255,
			"q50": 3.643683031554329,
			"q75": 3.644986623081348
		},
		"add_round": {
			"q25": 4.996652910888113,
			"q50": 4.999872698579694,
			"q75": 5.011635381361331
		},
		"add_sqrt": {
			"q25": 13.769836979777763,
			"q50": 13.791482534861245,
			"q75": 13.856585803512889
		},
		"add_cbrt": {
			"q25": 79.75213701923077,
			"q50": 79.80366806975346,
			"q75": 79.92779565567177
		},
		"add_log": {
			"q25": 37.26016488664044,
			"q50": 37.27043588785047,
			"q75": 37.29388885775661
		},
		"add_log_exp": {
			"q25": 74.08169923407435,
			"q50": 74.3341381872214,
			"q75": 75.57478688524591
		},
		"add_log2": {
			"q25": 38.32610064466468,
			"q50": 38.44722998430141,
			"q75": 42.57663293310463
		},
		"add_log2_exp2": {
			"q25": 72.48762961615427,
			"q50": 72.55448624862485,
			"q75": 72.65262599854756
		},
		"add_log10": {
			"q25": 37.40558752231514,
			"q50": 37.48192206819033,
			"q75": 37.53277421772532
		},
		"add_log10_exp10": {
			"q25": 79.9211127156037,
			"q50": 79.94459983961508,
			"q75": 79.97899579242637
		},
		"add_sin": {
			"q25": 55.90812375193362,
			"q50": 56.0968106124753,
			"q75": 56.48554462659381
		},
		"add_cos": {
			"q25": 57.468686868686866,
			"q50": 60.53496607333029,
			"q75": 62.48287260565521
		},
		"add_tan": {
			"q25": 66.04488136718102,
			"q50": 66.15093841059603,
			"q75": 66.27074016270961
		},
		"pow": {
			"q25": 76.08716822608363,
			"q50": 76.12961926605504,
			"q75": 76.20848427073403
		},
		"pow_pow": {
			"q25": 151.66781491395793,
			"q50": 151.75652775665398,
			"q75": 151.87628473543967
		},
		"sub": {
			"q25": 1.9177734808222733,
			"q50": 1.918706085434344,
			"q75": 1.9198952426301892
		},
		"sub_sub": {
			"q25": 3.6405929415201475,
			"q50": 3.6418194980340277,
			"q75": 3.648512278395501
		},
		"mul": {
			"q25": 2.7321503893275625,
			"q50": 2.733168739313452,
			"q75": 2.7351059736059526
		},
		"mul_mul": {
			"q25": 5.260397567635303,
			"q50": 5.263132081443191,
			"q75": 5.267094637390478
		},
		"div": {
			"q25": 8.374576693812442,
			"q50": 8.378437163978495,
			"q75": 8.381204966073566
		},
		"div_div": {
			"q25": 17.27484702009702,
			"q50": 17.281051610668513,
			"q75": 17.304788151740865
		},
		"lte_addsub": {
			"q25": 5.93189719473175,
			"q50": 5.93580278001012,
			"q75": 5.939327624975802
		}
	},
	"estimated_flop_latencies": {
		"abs(x)": 2.266730123049361,
		"-x": 2.2668893072831997,
		"x<=y": 4.017008704518136,
		"round": 3.08099063303007,
		"x+y": 1.6732494728772813,
		"x-y": 1.724800966004705,
		"x*y": 2.5299633421297387,
		"x/y": 8.902614446690018,
		"sqrt(x)": 11.872600469311621,
		"cbrt(x)": 77.88478600420383,
		"e^x": 37.06370229937093,
		"2^x": 34.107256264323446,
		"10^x": 42.46267777142475,
		"log(x)": 35.35155382230084,
		"log2(x)": 36.528347918751784,
		"log10(x)": 35.563040002640705,
		"x^y": 75.62690849059894,
		"sin(x)": 54.17792854692568,
		"cos(x)": 58.616084007780664,
		"tan(x)": 64.2320563450464
	}
}
