{
    "system": {
        "processor": {
            "description": "",
            "architecture": "aarch64 - ARM_8 - 64-bits",
            "n_logical_core_count": 4,
            "n_physical_core_count": 4,
            "min_freq_mhz": null,
            "max_freq_mhz": null
        },
        "os": {
            "platform": "Linux-6.1.153-175.280.amzn2023.aarch64-aarch64-with-glibc2.34",
            "system": "Linux",
            "release": "6.1.153-175.280.amzn2023.aarch64",
            "version": "#1 SMP Tue Sep 23 21:28:44 UTC 2025"
        },
        "python": {
            "version": "3.13.8",
            "implementation": "CPython",
            "compiler": "Clang 20.1.4 "
        },
        "packages": {
            "counted_float": "0.9.6",
            "llvmlite": "0.45.1",
            "numba": "0.62.1",
            "numpy": "2.3.3",
            "psutil": "7.1.0",
            "py_cpuinfo": "9.0.0"
        }
    },
    "benchmark_settings": {
        "array_size": 1000,
        "n_runs_total": 40,
        "n_runs_warmup": 15,
        "n_seconds_per_run_target": 0.1
    },
    "n_cycles_per_op": {
        "baseline": {
            "q25": 0.08949845707106262,
            "q50": 0.089698372071428,
            "q75": 0.08994188036951418
        },
        "add": {
            "q25": 0.6991681211229103,
            "q50": 0.6991903854106071,
            "q75": 0.6992432574541325
        },
        "add_minus": {
            "q25": 1.0654932810630662,
            "q50": 1.0656796009580427,
            "q75": 1.0676577600104569
        },
        "add_abs": {
            "q25": 1.4088422264278855,
            "q50": 1.4088931139204746,
            "q75": 1.4089880784225097
        },
        "add_add": {
            "q25": 1.4088262146892654,
            "q50": 1.4088834854091925,
            "q75": 1.4089170221180194
        },
        "add_sub": {
            "q25": 1.4087853934805943,
            "q50": 1.4088921564473071,
            "q75": 1.4089519229411183
        },
        "add_round": {
            "q25": 2.1525450072296435,
            "q50": 2.1526618973628557,
            "q75": 2.1527581793853594
        },
        "add_sqrt": {
            "q25": 7.435100700655933,
            "q50": 7.435296011926948,
            "q75": 7.435676904726405
        },
        "add_cbrt": {
            "q25": 28.078263990955342,
            "q50": 28.12921690140845,
            "q75": 28.160458146067416
        },
        "add_log": {
            "q25": 13.228010994833753,
            "q50": 13.229216312997346,
            "q75": 13.230533492505637
        },
        "add_log_exp": {
            "q25": 23.440205737126732,
            "q50": 23.452133082529976,
            "q75": 23.464788692579507
        },
        "add_log2": {
            "q25": 13.855181578216172,
            "q50": 13.856532509030286,
            "q75": 13.85729786051681
        },
        "add_log2_exp2": {
            "q25": 22.836654532967035,
            "q50": 22.83802541790703,
            "q75": 22.84047881841081
        },
        "add_log10": {
            "q25": 19.928480327541443,
            "q50": 19.944937525030035,
            "q75": 19.9597394
        },
        "add_log10_exp10": {
            "q25": 34.03176442471833,
            "q50": 34.04117685216798,
            "q75": 34.05031740614334
        },
        "add_sin": {
            "q25": 21.062559662090816,
            "q50": 21.10855329518966,
            "q75": 21.14994035532995
        },
        "add_cos": {
            "q25": 22.03393325966851,
            "q50": 22.0652306154188,
            "q75": 22.135844469026548
        },
        "add_tan": {
            "q25": 30.956522995649472,
            "q50": 31.002637644848107,
            "q75": 31.10115475819033
        },
        "pow": {
            "q25": 26.22299842188322,
            "q50": 26.223943202734684,
            "q75": 26.225256902445437
        },
        "pow_pow": {
            "q25": 52.41159148264984,
            "q50": 52.41339537329127,
            "q75": 52.41573922187171
        },
        "sub": {
            "q25": 0.6991964179313729,
            "q50": 0.6992235105256885,
            "q75": 0.6992465891722871
        },
        "sub_sub": {
            "q25": 1.4087758287078231,
            "q50": 1.408825079804514,
            "q75": 1.4088942120279089
        },
        "mul": {
            "q25": 1.0477159905036033,
            "q50": 1.0477511292728534,
            "q75": 1.047800918144382
        },
        "mul_mul": {
            "q25": 2.1113667379656493,
            "q50": 2.1113893734123628,
            "q75": 2.1115636894807035
        },
        "div": {
            "q25": 4.186197187827912,
            "q50": 4.186401578439193,
            "q75": 4.186636752854264
        },
        "div_div": {
            "q25": 8.473520010196278,
            "q50": 8.47375031857956,
            "q75": 8.474489168294962
        },
        "lte_addsub": {
            "q25": 0.7076731210118747,
            "q50": 0.7079112037844777,
            "q75": 0.7080920618476232
        }
    },
    "estimated_flop_latencies": {
        "abs(x)": 0.7097027285098675,
        "-x": 0.36648921554743563,
        "x<=y": 0.008704255816329942,
        "round": 1.4534715119522486,
        "x+y": 0.7096930999985854,
        "x-y": 0.7097017710367001,
        "x*y": 1.0636382441395094,
        "x/y": 4.287348740140367,
        "sqrt(x)": 6.73610562651634,
        "cbrt(x)": 27.430026515997845,
        "e^x": 10.22291676953263,
        "2^x": 8.981492908876744,
        "10^x": 14.096239327137944,
        "log(x)": 12.53002592758674,
        "log2(x)": 13.15734212361968,
        "log10(x)": 19.24574713961943,
        "x^y": 26.18945217055659,
        "sin(x)": 20.409362909779055,
        "cos(x)": 21.366040230008192,
        "tan(x)": 30.3034472594375
    }
}