{
    "system": {
        "processor": {
            "description": "Neoverse-N2",
            "architecture": "aarch64 - ARM_8 - 64-bits",
            "n_logical_core_count": 4,
            "n_physical_core_count": 4,
            "min_freq_mhz": null,
            "max_freq_mhz": null
        },
        "os": {
            "platform": "Linux-6.11.0-1018-azure-aarch64-with-glibc2.39",
            "system": "Linux",
            "release": "6.11.0-1018-azure",
            "version": "#18~24.04.1-Ubuntu SMP Sat Jun 28 04:41:58 UTC 2025"
        },
        "python": {
            "version": "3.13.7",
            "implementation": "CPython",
            "compiler": "Clang 20.1.4 "
        },
        "packages": {
            "counted_float": "0.9.6",
            "llvmlite": "0.45.1",
            "numba": "0.62.1",
            "numpy": "2.3.3",
            "psutil": "7.1.0",
            "py_cpuinfo": "9.0.0"
        }
    },
    "benchmark_settings": {
        "array_size": 1000,
        "n_runs_total": 40,
        "n_runs_warmup": 15,
        "n_seconds_per_run_target": 0.1
    },
    "n_cycles_per_op": {
        "baseline": {
            "q25": 0.14347281598278794,
            "q50": 0.14350944466683754,
            "q75": 0.14357123868252902
        },
        "add": {
            "q25": 0.6017141778513355,
            "q50": 0.6018411724937222,
            "q75": 0.6019342652104577
        },
        "add_minus": {
            "q25": 0.9242557568001186,
            "q50": 0.9244032111284451,
            "q75": 0.9245326138398864
        },
        "add_abs": {
            "q25": 1.168124243206458,
            "q50": 1.1682396008021485,
            "q75": 1.168409753350074
        },
        "add_add": {
            "q25": 1.1683189642023255,
            "q50": 1.1684277421397662,
            "q75": 1.1687468382646236
        },
        "add_sub": {
            "q25": 1.1681987426842284,
            "q50": 1.1684386996104932,
            "q75": 1.1685623013313002
        },
        "add_round": {
            "q25": 1.8928458497272433,
            "q50": 1.8929969029070872,
            "q75": 1.8932523135391923
        },
        "add_sqrt": {
            "q25": 6.278688296128137,
            "q50": 6.279192903957651,
            "q75": 6.282037022997221
        },
        "add_cbrt": {
            "q25": 25.06942709904475,
            "q50": 25.111296407937704,
            "q75": 25.168405248549078
        },
        "add_log": {
            "q25": 10.41645230125523,
            "q50": 10.420457701558089,
            "q75": 10.422779114784975
        },
        "add_log_exp": {
            "q25": 19.4182138671875,
            "q50": 19.45403157894737,
            "q75": 19.459820007800314
        },
        "add_log2": {
            "q25": 11.28999898028552,
            "q50": 11.291250198390205,
            "q75": 11.293347209618874
        },
        "add_log2_exp2": {
            "q25": 17.8631106918239,
            "q50": 17.869919132149903,
            "q75": 17.877061378320175
        },
        "add_log10": {
            "q25": 16.3199919500575,
            "q50": 16.32888221822346,
            "q75": 16.35939226609864
        },
        "add_log10_exp10": {
            "q25": 28.131098360655738,
            "q50": 28.1412123094297,
            "q75": 28.153206331260602
        },
        "add_sin": {
            "q25": 18.40271795820233,
            "q50": 18.4289097619487,
            "q75": 18.46354974112426
        },
        "add_cos": {
            "q25": 19.338189284317558,
            "q50": 19.3815618657299,
            "q75": 19.41581742010912
        },
        "add_tan": {
            "q25": 26.9777242506812,
            "q50": 27.017826990553306,
            "q75": 27.07529572090488
        },
        "pow": {
            "q25": 22.02752090245521,
            "q50": 22.033652289316525,
            "q75": 22.041474651317248
        },
        "pow_pow": {
            "q25": 44.17678660159716,
            "q50": 44.182133481152995,
            "q75": 44.191888149134485
        },
        "sub": {
            "q25": 0.6015389960269226,
            "q50": 0.6018820095150695,
            "q75": 0.6020129717123628
        },
        "sub_sub": {
            "q25": 1.168219651280126,
            "q50": 1.16834296604703,
            "q75": 1.1687773295967543
        },
        "mul": {
            "q25": 0.8808284627631346,
            "q50": 0.880932950564422,
            "q75": 0.8810223692473708
        },
        "mul_mul": {
            "q25": 1.7486909081329798,
            "q50": 1.7489910471342052,
            "q75": 1.749164074295144
        },
        "div": {
            "q25": 3.475353351711624,
            "q50": 3.4757989047021067,
            "q75": 3.4761003279146023
        },
        "div_div": {
            "q25": 7.0059437996764435,
            "q50": 7.0064972923552995,
            "q75": 7.0075934467726055
        },
        "lte_addsub": {
            "q25": 0.7864409554694297,
            "q50": 0.787818052256532,
            "q75": 0.7889029046624364
        }
    },
    "estimated_flop_latencies": {
        "abs(x)": 0.5663984283084263,
        "-x": 0.322562038634723,
        "x<=y": 0.18595646125213616,
        "round": 1.2911557304133652,
        "x+y": 0.566586569646044,
        "x-y": 0.566597527116771,
        "x*y": 0.8680580965697832,
        "x/y": 3.5306983876531928,
        "sqrt(x)": 5.677351731463929,
        "cbrt(x)": 24.509455235443983,
        "e^x": 9.03357387738928,
        "2^x": 6.5786689337596975,
        "10^x": 11.812330091206242,
        "log(x)": 9.818616529064366,
        "log2(x)": 10.689409025896483,
        "log10(x)": 15.727041045729736,
        "x^y": 22.14848119183647,
        "sin(x)": 17.827068589454978,
        "cos(x)": 18.77972069323618,
        "tan(x)": 26.415985818059585
    }
}