Method,Num Communities,Max Size,Avg Size,Modularity,Avg. density:,Avg. degree:,Avg. clustering:,Execution Time (s),partition_index
Louvain,8,85,62.5,0.7096068783801179,0.23568786191626348,12.3107664212878,0.23568789932068862,0.0729527473449707,0
Leiden,8,85,62.5,0.7096068783801179,0.23568786191626348,12.310766421287802,0.23568789932068862,0.03258490562438965,1
Greedy Modularity,8,87,62.5,0.6965405806591851,0.23344791223700237,12.100406326288244,0.23499089627128622,0.7702639102935791,2
Walktrap,8,85,62.5,0.7096068783801179,0.23568786191626348,12.310766421287802,0.23568789932068862,0.0277099609375,3
Label Propagation,7,145,71.42857142857143,0.6703257800831582,0.2304504041683155,12.265619448187,0.2421133153176153,0.026330947875976562,4
Fast Label Propagation,8,85,62.5,0.7096068783801179,0.23568786191626348,12.3107664212878,0.23568789932068862,1.0013580322265625e-05,5
