{
    "system": {
		"processor": {
			"description": "Apple M3",
			"architecture": "arm64 - ARM_8 - 64-bits",
			"n_logical_core_count": 8,
			"n_physical_core_count": 8,
			"min_freq_mhz": 744,
			"max_freq_mhz": 4056
		},
		"os": {
			"platform": "macOS-15.6.1-arm64-arm-64bit-Mach-O",
			"system": "Darwin",
			"release": "24.6.0",
			"version": "Darwin Kernel Version 24.6.0: Mon Jul 14 11:29:54 PDT 2025; root:xnu-11417.140.69~1/RELEASE_ARM64_T8122"
		},
		"python": {
			"version": "3.13.7",
			"implementation": "CPython",
			"compiler": "Clang 20.1.4 "
		},
		"packages": {
			"counted_float": "0.9.6",
			"llvmlite": "0.45.1",
			"numba": "0.62.1",
			"numpy": "2.3.3",
			"psutil": "7.1.0",
			"py_cpuinfo": "9.0.0"
		}
	},
	"benchmark_settings": {
		"array_size": 1000,
		"n_runs_total": 40,
		"n_runs_warmup": 15,
		"n_seconds_per_run_target": 0.1
	},
	"n_cycles_per_op": {
		"baseline": {
			"q25": 0.28559494480814906,
			"q50": 0.3074450432764791,
			"q75": 0.34491734290139175
		},
		"add": {
			"q25": 2.61152879587911,
			"q50": 2.6119587176987777,
			"q75": 2.6123322620021945
		},
		"add_minus": {
			"q25": 4.837105344351299,
			"q50": 4.83787928246357,
			"q75": 4.83902567190302
		},
		"add_abs": {
			"q25": 4.8371857163970295,
			"q50": 4.838440498188818,
			"q75": 4.839306728448224
		},
		"add_add": {
			"q25": 5.084406344695923,
			"q50": 5.085648839215686,
			"q75": 5.085978336265393
		},
		"add_sub": {
			"q25": 5.084674534026679,
			"q50": 5.085883187086717,
			"q75": 5.0865775069257655
		},
		"add_round": {
			"q25": 5.685281119437807,
			"q50": 5.685717510496586,
			"q75": 5.68643506849315
		},
		"add_sqrt": {
			"q25": 15.648731302590313,
			"q50": 15.655536602735491,
			"q75": 15.660710324018886
		},
		"add_cbrt": {
			"q25": 100.08801156612185,
			"q50": 100.13762091318327,
			"q75": 100.17971382636655
		},
		"add_log": {
			"q25": 46.044645124587554,
			"q50": 46.050297171087074,
			"q75": 46.05904763954943
		},
		"add_log_exp": {
			"q25": 89.11176901782963,
			"q50": 89.16264213180516,
			"q75": 89.19345548699867
		},
		"add_log2": {
			"q25": 47.355830370266474,
			"q50": 47.35959964325843,
			"q75": 47.36510531487565
		},
		"add_log2_exp2": {
			"q25": 88.60000839947438,
			"q50": 88.61232069412796,
			"q75": 88.62685723899233
		},
		"add_log10": {
			"q25": 45.374936062815486,
			"q50": 45.37903977658143,
			"q75": 45.38342685836044
		},
		"add_log10_exp10": {
			"q25": 97.48140664900025,
			"q50": 97.49097357166949,
			"q75": 97.51263381975903
		},
		"add_sin": {
			"q25": 73.26998516374162,
			"q50": 73.43532532562341,
			"q75": 73.6132243262928
		},
		"add_cos": {
			"q25": 74.42952413411938,
			"q50": 74.4943888,
			"q75": 74.53917360088366
		},
		"add_tan": {
			"q25": 82.38269357798166,
			"q50": 82.55294201798856,
			"q75": 82.6981688338074
		},
		"pow": {
			"q25": 94.93044488336072,
			"q50": 94.94388294647887,
			"q75": 94.96268325898097
		},
		"pow_pow": {
			"q25": 190.05279823268958,
			"q50": 190.07181667637389,
			"q75": 190.0875944548872
		},
		"sub": {
			"q25": 2.6110036862253954,
			"q50": 2.6116731919965943,
			"q75": 2.612232220956808
		},
		"sub_sub": {
			"q25": 5.085557232324757,
			"q50": 5.086141050838515,
			"q75": 5.087019959736098
		},
		"mul": {
			"q25": 3.7950545505103572,
			"q50": 3.795266213497163,
			"q75": 3.7958683350090037
		},
		"mul_mul": {
			"q25": 7.569668299955096,
			"q50": 7.570618084626181,
			"q75": 7.572924121928856
		},
		"div": {
			"q25": 9.64681902945034,
			"q50": 9.648159588926774,
			"q75": 9.648987761014688
		},
		"div_div": {
			"q25": 19.676672662970528,
			"q50": 19.68092578181995,
			"q75": 19.683250863452837
		},
		"lte_addsub": {
			"q25": 6.756803283360626,
			"q50": 6.758357250225473,
			"q75": 6.758743613071371
		}
	},
	"estimated_flop_latencies": {
		"abs(x)": 2.22648178049004,
		"-x": 2.225920564764792,
		"x<=y": 4.146541295377787,
		"round": 3.073758792797808,
		"x+y": 2.4736901215169085,
		"x-y": 2.473924469387939,
		"x*y": 3.7753518711290184,
		"x/y": 10.032766192893178,
		"sqrt(x)": 13.043577885036713,
		"cbrt(x)": 97.52566219548449,
		"e^x": 43.11234496071808,
		"2^x": 41.25272105086953,
		"10^x": 52.111933795088056,
		"log(x)": 43.4383384533883,
		"log2(x)": 44.74764092555965,
		"log10(x)": 42.76708105888265,
		"x^y": 95.12793372989502,
		"sin(x)": 70.82336660792463,
		"cos(x)": 71.88243008230121,
		"tan(x)": 79.94098330028977
	}
}
