{
    "system": {
        "processor": {
            "description": "Apple M3 Max",
            "architecture": "arm64 - ARM_8 - 64-bits",
            "n_logical_core_count": 16,
            "n_physical_core_count": 16,
            "min_freq_mhz": 1020,
            "max_freq_mhz": 4056
        },
        "os": {
            "platform": "macOS-15.6.1-arm64-arm-64bit-Mach-O",
            "system": "Darwin",
            "release": "24.6.0",
            "version": "Darwin Kernel Version 24.6.0: Mon Jul 14 11:30:55 PDT 2025; root:xnu-11417.140.69~1/RELEASE_ARM64_T6031"
        },
        "python": {
            "version": "3.13.5",
            "implementation": "CPython",
            "compiler": "Clang 14.0.6 "
        },
        "packages": {
            "counted_float": "0.9.6",
            "llvmlite": "0.45.1",
            "numba": "0.62.1",
            "numpy": "2.3.3",
            "psutil": "7.1.0",
            "py_cpuinfo": "9.0.0"
        }
    },
    "benchmark_settings": {
        "array_size": 1000,
        "n_runs_total": 40,
        "n_runs_warmup": 15,
        "n_seconds_per_run_target": 0.1
    },
    "n_cycles_per_op": {
        "baseline": {
            "q25": 0.3003655915342785,
            "q50": 0.3080162825533929,
            "q75": 0.3216728068895538
        },
        "add": {
            "q25": 2.6813317762688063,
            "q50": 2.6891547962981632,
            "q75": 2.707764146461456
        },
        "add_minus": {
            "q25": 4.971806175713652,
            "q50": 4.98013730097233,
            "q75": 4.993091992288298
        },
        "add_abs": {
            "q25": 4.967535499049359,
            "q50": 4.982918018095437,
            "q75": 5.00623730595238
        },
        "add_add": {
            "q25": 5.211433786400725,
            "q50": 5.228250291793078,
            "q75": 5.237472692714703
        },
        "add_sub": {
            "q25": 5.220285631113181,
            "q50": 5.236853643126991,
            "q75": 5.2525629822044735
        },
        "add_round": {
            "q25": 5.835755076736216,
            "q50": 5.851817430959082,
            "q75": 5.862054003131161
        },
        "add_sqrt": {
            "q25": 16.067274931154074,
            "q50": 16.08355343283582,
            "q75": 16.147730648848587
        },
        "add_cbrt": {
            "q25": 102.7161297285206,
            "q50": 102.92824746995377,
            "q75": 103.28270603213467
        },
        "add_log": {
            "q25": 47.29369849005383,
            "q50": 47.352699106147874,
            "q75": 47.48267501192982
        },
        "add_log_exp": {
            "q25": 91.44869532654447,
            "q50": 91.58078571661386,
            "q75": 91.78732156684126
        },
        "add_log2": {
            "q25": 48.662365716765095,
            "q50": 48.77222744461778,
            "q75": 49.1056370876251
        },
        "add_log2_exp2": {
            "q25": 90.98203796610169,
            "q50": 91.15366538419619,
            "q75": 91.46356818181818
        },
        "add_log10": {
            "q25": 46.51774890020838,
            "q50": 46.65032713642628,
            "q75": 46.75461288096607
        },
        "add_log10_exp10": {
            "q25": 100.0046005324097,
            "q50": 100.13123439840238,
            "q75": 100.4136157464719
        },
        "add_sin": {
            "q25": 75.56750282970407,
            "q50": 75.73927156918474,
            "q75": 76.32738763265306
        },
        "add_cos": {
            "q25": 76.50625546232487,
            "q50": 76.75250816695254,
            "q75": 76.99294670804161
        },
        "add_tan": {
            "q25": 99.2361342177437,
            "q50": 101.82312782568572,
            "q75": 103.47037666533066
        },
        "pow": {
            "q25": 98.57628995378253,
            "q50": 98.94185893242586,
            "q75": 117.15509646814644
        },
        "pow_pow": {
            "q25": 194.9694494199806,
            "q50": 195.23814785328184,
            "q75": 195.92493898985998
        },
        "sub": {
            "q25": 2.685986249627249,
            "q50": 2.6932435349455046,
            "q75": 2.697440268250219
        },
        "sub_sub": {
            "q25": 5.319278108278476,
            "q50": 5.3957082487160575,
            "q75": 5.4227644345645905
        },
        "mul": {
            "q25": 4.031723938837669,
            "q50": 4.146620217511975,
            "q75": 4.1931794561318565
        },
        "mul_mul": {
            "q25": 7.671052244174344,
            "q50": 7.692045076793378,
            "q75": 7.734363680368657
        },
        "div": {
            "q25": 9.763390323437765,
            "q50": 9.774046309940813,
            "q75": 9.797409335332727
        },
        "div_div": {
            "q25": 19.91404354721083,
            "q50": 19.940882738898754,
            "q75": 20.031528381160356
        },
        "lte_addsub": {
            "q25": 6.835008078260869,
            "q50": 6.845624512231094,
            "q75": 6.852852426263926
        }
    },
    "estimated_flop_latencies": {
        "abs(x)": 2.2937632217972737,
        "-x": 2.2909825046741665,
        "x<=y": 4.15442534660926,
        "round": 3.162662634660919,
        "x+y": 2.5390954954949145,
        "x-y": 2.5476988468288275,
        "x*y": 3.545424859281403,
        "x/y": 10.166836428957941,
        "sqrt(x)": 13.394398636537657,
        "cbrt(x)": 100.2390926736556,
        "e^x": 44.228086610465986,
        "2^x": 42.381437939578404,
        "10^x": 53.48090726197611,
        "log(x)": 44.66354430984971,
        "log2(x)": 46.08307264831962,
        "log10(x)": 43.961172340128115,
        "x^y": 96.29628892085599,
        "sin(x)": 73.05011677288657,
        "cos(x)": 74.06335337065437,
        "tan(x)": 99.13397302938755
    }
}