{
    "system": {
        "processor": {
            "description": "Apple M1 (Virtual)",
            "architecture": "arm64 - ARM_8 - 64-bits",
            "n_logical_core_count": 3,
            "n_physical_core_count": 3,
            "min_freq_mhz": null,
            "max_freq_mhz": null
        },
        "os": {
            "platform": "macOS-15.6.1-arm64-arm-64bit-Mach-O",
            "system": "Darwin",
            "release": "24.6.0",
            "version": "Darwin Kernel Version 24.6.0: Mon Jul 14 11:30:18 PDT 2025; root:xnu-11417.140.69~1/RELEASE_ARM64_VMAPPLE"
        },
        "python": {
            "version": "3.13.7",
            "implementation": "CPython",
            "compiler": "Clang 20.1.4 "
        },
        "packages": {
            "counted_float": "0.9.6",
            "llvmlite": "0.45.1",
            "numba": "0.62.1",
            "numpy": "2.3.3",
            "psutil": "7.1.0",
            "py_cpuinfo": "9.0.0"
        }
    },
    "benchmark_settings": {
        "array_size": 1000,
        "n_runs_total": 40,
        "n_runs_warmup": 15,
        "n_seconds_per_run_target": 0.1
    },
    "n_cycles_per_op": {
        "baseline": {
            "q25": 0.11326611662147264,
            "q50": 0.11811947779714678,
            "q75": 0.1319354774005421
        },
        "add": {
            "q25": 1.040195077338571,
            "q50": 1.0958923456691418,
            "q75": 1.2241450033315313
        },
        "add_minus": {
            "q25": 1.7706871092701262,
            "q50": 1.8063596951499312,
            "q75": 1.9298811035482089
        },
        "add_abs": {
            "q25": 1.709856117975289,
            "q50": 1.8108948718856173,
            "q75": 1.8984966845308384
        },
        "add_add": {
            "q25": 1.8699927993135097,
            "q50": 1.9259827390895303,
            "q75": 1.965440839656649
        },
        "add_sub": {
            "q25": 1.961731189069146,
            "q50": 1.977443640639324,
            "q75": 2.0338158677414726
        },
        "add_round": {
            "q25": 1.9735001785501727,
            "q50": 2.105656163844033,
            "q75": 2.1963809052626733
        },
        "add_sqrt": {
            "q25": 5.581884736523319,
            "q50": 5.827745782467333,
            "q75": 6.1086367826688175
        },
        "add_cbrt": {
            "q25": 34.98190614186851,
            "q50": 35.4951578578929,
            "q75": 37.72471022128556
        },
        "add_log": {
            "q25": 15.05283041027247,
            "q50": 15.481229478458049,
            "q75": 15.624627855887521
        },
        "add_log_exp": {
            "q25": 29.27063992816522,
            "q50": 29.57568949488689,
            "q75": 29.75108538350217
        },
        "add_log2": {
            "q25": 16.679473987487654,
            "q50": 18.129841175471377,
            "q75": 19.845663981135782
        },
        "add_log2_exp2": {
            "q25": 30.46984055354994,
            "q50": 30.997621969929426,
            "q75": 31.453490677439405
        },
        "add_log10": {
            "q25": 15.423339552238806,
            "q50": 15.993626085504342,
            "q75": 16.208460182663035
        },
        "add_log10_exp10": {
            "q25": 31.73964889036105,
            "q50": 32.26896943648519,
            "q75": 32.64798620025674
        },
        "add_sin": {
            "q25": 25.64375929295555,
            "q50": 25.884281841432223,
            "q75": 26.00065183387271
        },
        "add_cos": {
            "q25": 26.517210540395933,
            "q50": 27.32033794203669,
            "q75": 28.85111888111888
        },
        "add_tan": {
            "q25": 30.666580521018354,
            "q50": 33.44764254385965,
            "q75": 35.81995357766143
        },
        "pow": {
            "q25": 32.512471563210916,
            "q50": 32.75848523351648,
            "q75": 33.30151924331376
        },
        "pow_pow": {
            "q25": 64.594970703125,
            "q50": 64.86077698309492,
            "q75": 65.15652910398954
        },
        "sub": {
            "q25": 0.9676201358145482,
            "q50": 0.97272342564756,
            "q75": 0.9814737368684342
        },
        "sub_sub": {
            "q25": 1.9771225595446147,
            "q50": 2.0326626115329613,
            "q75": 2.0794834582378754
        },
        "mul": {
            "q25": 1.3184305836357064,
            "q50": 1.3452187941032627,
            "q75": 1.4117003532182104
        },
        "mul_mul": {
            "q25": 2.561115268728593,
            "q50": 2.5770959788820833,
            "q75": 2.594013663601612
        },
        "div": {
            "q25": 3.226629220864538,
            "q50": 3.2504827676754418,
            "q75": 3.258591633337634
        },
        "div_div": {
            "q25": 6.611489931463294,
            "q50": 6.630218720976516,
            "q75": 6.650270367892976
        },
        "lte_addsub": {
            "q25": 2.389165324079811,
            "q50": 2.4716400492289874,
            "q75": 2.572243138067606
        }
    },
    "estimated_flop_latencies": {
        "abs(x)": 0.7150025262164754,
        "-x": 0.7104673494807894,
        "x<=y": 1.4373321635706364,
        "round": 1.0097638181748914,
        "x+y": 0.8300903934203885,
        "x-y": 0.8815512949701823,
        "x*y": 1.2318771847788206,
        "x/y": 3.3797359533010742,
        "sqrt(x)": 4.7318534367981915,
        "cbrt(x)": 34.39926551222376,
        "e^x": 14.094460016428842,
        "2^x": 12.86778079445805,
        "10^x": 16.27534335098085,
        "log(x)": 14.385337132788907,
        "log2(x)": 17.033948829802235,
        "log10(x)": 14.8977337398352,
        "x^y": 32.10229174957844,
        "sin(x)": 24.78838949576308,
        "cos(x)": 26.22444559636755,
        "tan(x)": 32.35175019819051
    }
}