{
    "system": {
        "processor": {
            "description": "Intel(R) Xeon(R) 6975P-C",
            "architecture": "x86_64 - X86_64 - 64-bits",
            "n_logical_core_count": 4,
            "n_physical_core_count": 2,
            "min_freq_mhz": null,
            "max_freq_mhz": null
        },
        "os": {
            "platform": "Linux-6.1.153-175.280.amzn2023.x86_64-x86_64-with-glibc2.34",
            "system": "Linux",
            "release": "6.1.153-175.280.amzn2023.x86_64",
            "version": "#1 SMP PREEMPT_DYNAMIC Tue Sep 23 21:29:22 UTC 2025"
        },
        "python": {
            "version": "3.13.8",
            "implementation": "CPython",
            "compiler": "Clang 20.1.4 "
        },
        "packages": {
            "counted_float": "0.9.6",
            "llvmlite": "0.45.1",
            "numba": "0.62.1",
            "numpy": "2.3.3",
            "psutil": "7.1.0",
            "py_cpuinfo": "9.0.0"
        }
    },
    "benchmark_settings": {
        "array_size": 1000,
        "n_runs_total": 40,
        "n_runs_warmup": 15,
        "n_seconds_per_run_target": 0.1
    },
    "n_cycles_per_op": {
        "baseline": {
            "q25": 0.1310317466515174,
            "q50": 0.40505338561385107,
            "q75": 0.4072908206522058
        },
        "add": {
            "q25": 1.8817738250838467,
            "q50": 1.8958628499701566,
            "q75": 1.9123363774604516
        },
        "add_minus": {
            "q25": 2.084714018770393,
            "q50": 2.114165898793077,
            "q75": 2.1428772239326004
        },
        "add_abs": {
            "q25": 3.7022851351600847,
            "q50": 3.763886834571634,
            "q75": 3.768995678270778
        },
        "add_add": {
            "q25": 3.705774087059408,
            "q50": 3.7497329366961494,
            "q75": 3.77689528344069
        },
        "add_sub": {
            "q25": 3.7006881003198377,
            "q50": 3.718919955183144,
            "q75": 3.7785686792687025
        },
        "add_round": {
            "q25": 11.169688319371442,
            "q50": 11.332767863202964,
            "q75": 11.404610830620722
        },
        "add_sqrt": {
            "q25": 20.23416330840282,
            "q50": 20.363449180520313,
            "q75": 20.62966043582824
        },
        "add_cbrt": {
            "q25": 95.02667534507027,
            "q50": 95.33417380814336,
            "q75": 96.71775255156614
        },
        "add_log": {
            "q25": 46.04518183346031,
            "q50": 46.49347822966128,
            "q75": 46.808448462224504
        },
        "add_log_exp": {
            "q25": 82.89519093165435,
            "q50": 83.92219993081103,
            "q75": 84.39391758955684
        },
        "add_log2": {
            "q25": 51.710777047061654,
            "q50": 51.93698873543723,
            "q75": 52.73711531116261
        },
        "add_log2_exp2": {
            "q25": 78.1780713156931,
            "q50": 78.41426142689703,
            "q75": 79.80955782341796
        },
        "add_log10": {
            "q25": 67.43984753099514,
            "q50": 68.6564894346718,
            "q75": 68.85324621107705
        },
        "add_log10_exp10": {
            "q25": 115.14634967950191,
            "q50": 115.48131281852858,
            "q75": 117.26805919176044
        },
        "add_sin": {
            "q25": 70.59499607324858,
            "q50": 71.43114289111703,
            "q75": 72.71215982706315
        },
        "add_cos": {
            "q25": 71.6975726091293,
            "q50": 72.17226784953228,
            "q75": 73.33498742968024
        },
        "add_tan": {
            "q25": 101.13919705625521,
            "q50": 103.10868607919177,
            "q75": 104.86622785784591
        },
        "pow": {
            "q25": 91.04654016015219,
            "q50": 91.54040402617123,
            "q75": 92.97164618371649
        },
        "pow_pow": {
            "q25": 180.13951554333528,
            "q50": 180.94035008126,
            "q75": 181.56211628013608
        },
        "sub": {
            "q25": 1.8725442719503618,
            "q50": 1.878755296272209,
            "q75": 1.9097312711533718
        },
        "sub_sub": {
            "q25": 3.6869901450472433,
            "q50": 3.7195807783690777,
            "q75": 3.7336926795345042
        },
        "mul": {
            "q25": 2.7995677112111097,
            "q50": 2.8071363269860856,
            "q75": 2.8181475392325566
        },
        "mul_mul": {
            "q25": 5.539492461917798,
            "q50": 5.58613996337384,
            "q75": 5.66061626862579
        },
        "div": {
            "q25": 12.843230481454118,
            "q50": 13.003631648167495,
            "q75": 13.160022550179884
        },
        "div_div": {
            "q25": 25.7267159234106,
            "q50": 25.871703081433587,
            "q75": 26.32872819981591
        },
        "lte_addsub": {
            "q25": 6.557998252381429,
            "q50": 6.573382420722673,
            "q75": 6.600917371088369
        }
    },
    "estimated_flop_latencies": {
        "abs(x)": 1.8680239846014772,
        "-x": 0.2183030488229205,
        "x<=y": 4.68607334760149,
        "round": 9.436905013232806,
        "x+y": 1.8538700867259927,
        "x-y": 1.8230571052129876,
        "x*y": 2.779003636387754,
        "x/y": 12.868071433266092,
        "sqrt(x)": 18.467586330550155,
        "cbrt(x)": 93.4383109581732,
        "e^x": 37.428721701149755,
        "2^x": 26.477272691459795,
        "10^x": 46.82482338385678,
        "log(x)": 44.59761537969112,
        "log2(x)": 50.041125885467075,
        "log10(x)": 66.76062658470164,
        "x^y": 89.39994605508876,
        "sin(x)": 69.53528004114688,
        "cos(x)": 70.27640499956212,
        "tan(x)": 101.21282322922161
    }
}