Method,Num Communities,Max Size,Avg Size,Modularity,Avg. density:,Avg. degree:,Avg. clustering:,Execution Time (s),partition_index
Louvain,6,32,25.0,0.6678790509259259,0.6692696282215943,15.94218661502582,0.6861471671130844,0.024520158767700195,0
Leiden,6,32,25.0,0.6678790509259259,0.6692696282215942,15.942186615025818,0.6861471671130844,0.009937763214111328,1
Infomap,6,32,25.0,0.6678790509259259,0.6692696282215942,15.942186615025818,0.6861471671130844,0.010142087936401367,2
Girvan Newman,4,84,37.5,0.4759806616512345,0.5705331853730712,15.603333333333333,0.6501810248355137,6.9141387939453125e-06,3
Label Propagation,6,32,25.0,0.6678790509259258,0.6692696282215943,15.94218661502582,0.6861471671130844,0.007102012634277344,4
Fast Label Propagation,6,32,25.0,0.6678790509259258,0.6692696282215943,15.94218661502582,0.6861471671130844,1.2874603271484375e-05,5
Walktrap,6,32,25.0,0.6678790509259259,0.6692696282215942,15.942186615025818,0.6861471671130844,0.007586002349853516,6
Greedy Modularity,6,31,25.0,0.6588710455246913,0.6607577672345543,15.768055933684414,0.677086932183145,0.12639689445495605,7
