{
     "system": {
         "processor": {
             "description": "Intel(R) Core(TM) i7-8550U CPU @ 1.80GHz",
             "architecture": "AMD64 - X86_64 - 64-bits",
             "n_logical_core_count": 8,
             "n_physical_core_count": 4,
             "min_freq_mhz": null,
             "max_freq_mhz": 1992
         },
         "os": {
             "platform": "Windows-11-10.0.26100-SP0",
             "system": "Windows",
             "release": "11",
             "version": "10.0.26100"
         },
         "python": {
             "version": "3.13.7",
             "implementation": "CPython",
             "compiler": "MSC v.1944 64 bit (AMD64)"
         },
         "packages": {
             "counted_float": "0.9.6",
             "llvmlite": "0.45.1",
             "numba": "0.62.1",
             "numpy": "2.3.3",
             "psutil": "7.1.0",
             "py_cpuinfo": "9.0.0"
         }
     },
     "benchmark_settings": {
         "array_size": 1000,
         "n_runs_total": 40,
         "n_runs_warmup": 15,
         "n_seconds_per_run_target": 0.1
     },
     "n_cycles_per_op": {
         "baseline": {
             "q25": 0.147293165364209,
             "q50": 0.1525443376526393,
             "q75": 0.2431150370615174
         },
         "add": {
             "q25": 2.127653690892546,
             "q50": 2.145116786511282,
             "q75": 2.1544346048806275
         },
         "add_minus": {
             "q25": 2.3094158419825557,
             "q50": 2.3247919619971977,
             "q75": 2.359174518373483
         },
         "add_abs": {
             "q25": 3.07415024179886,
             "q50": 3.0886356388805107,
             "q75": 3.1127293732562307
         },
         "add_add": {
             "q25": 4.270775868372944,
             "q50": 4.296843290789927,
             "q75": 4.338211966552576
         },
         "add_sub": {
             "q25": 4.274644632611709,
             "q50": 4.315211219765577,
             "q75": 4.367423620578635
         },
         "add_round": {
             "q25": 6.396086726013848,
             "q50": 6.445213910115271,
             "q75": 6.5201124858226125
         },
         "add_sqrt": {
             "q25": 12.298309326556543,
             "q50": 12.443815791864012,
             "q75": 12.556996349905601
         },
         "add_cbrt": {
             "q25": 76.83284303405573,
             "q50": 77.57556231769807,
             "q75": 79.50972493150685
         },
         "add_log": {
             "q25": 27.621934867762686,
             "q50": 27.934071544253445,
             "q75": 28.33071018115433
         },
         "add_log_exp": {
             "q25": 60.36659458157736,
             "q50": 61.155035406698566,
             "q75": 73.39884097995545
         },
         "add_log2": {
             "q25": 57.6640821646785,
             "q50": 66.84129861878453,
             "q75": 68.87254197105445
         },
         "add_log2_exp2": {
             "q25": 81.53369618383257,
             "q50": 81.9389132262052,
             "q75": 83.85509836477988
         },
         "add_log10": {
             "q25": 29.74283988953667,
             "q50": 30.12791789181692,
             "q75": 30.44229453609808
         },
         "add_log10_exp10": {
             "q25": 75.24852505747127,
             "q50": 76.0215088098918,
             "q75": 77.51104374520338
         },
         "add_sin": {
             "q25": 39.97190052567731,
             "q50": 40.450934706488155,
             "q75": 40.80798047980316
         },
         "add_cos": {
             "q25": 38.48066487341772,
             "q50": 39.18356831067961,
             "q75": 39.5618974049487
         },
         "add_tan": {
             "q25": 61.86886725989568,
             "q50": 62.59234098360656,
             "q75": 63.33305685785537
         },
         "pow": {
             "q25": 71.06826176470588,
             "q50": 71.7506873056058,
             "q75": 72.8591644251627
         },
         "pow_pow": {
             "q25": 139.41398614718616,
             "q50": 141.37341176470588,
             "q75": 142.85485714285713
         },
         "sub": {
             "q25": 2.0747570932539685,
             "q50": 2.1249696562656433,
             "q75": 2.1512573014893808
         },
         "sub_sub": {
             "q25": 4.235989477357997,
             "q50": 4.276353917130919,
             "q75": 4.31760723648394
         },
         "mul": {
             "q25": 2.0956668288027585,
             "q50": 2.128877397895545,
             "q75": 2.1481999495522763
         },
         "mul_mul": {
             "q25": 4.272155806721427,
             "q50": 4.295948571428571,
             "q75": 4.325496170139189
         },
         "div": {
             "q25": 7.4273068225244465,
             "q50": 7.461680262710905,
             "q75": 7.618917884830486
         },
         "div_div": {
             "q25": 14.086140586485339,
             "q50": 14.244877438307872,
             "q75": 14.360677602250595
         },
         "lte_addsub": {
             "q25": 5.6937415054011895,
             "q50": 5.778485279187818,
             "q75": 5.829366344474205
         }
     },
     "estimated_flop_latencies": {
         "abs(x)": 0.9435188523692286,
         "-x": 0.1796751754859156,
         "x<=y": 3.643442057799355,
         "round": 4.300097123603988,
         "x+y": 2.151726504278645,
         "x-y": 2.170094433254295,
         "x*y": 2.167071173533026,
         "x/y": 6.7831971755969676,
         "sqrt(x)": 10.298699005352729,
         "cbrt(x)": 75.43044553118679,
         "e^x": 33.22096386244512,
         "2^x": 15.097614607420667,
         "10^x": 45.89359091807488,
         "log(x)": 25.788954757742165,
         "log2(x)": 64.69618183227325,
         "log10(x)": 27.98280110530564,
         "x^y": 69.62272445910008,
         "sin(x)": 38.305817919976874,
         "cos(x)": 37.03845152416833,
         "tan(x)": 60.44722419709528
     }
}